id,file,subject,topic,category,risk,action,quality,problem,question_preview
math-v1-006,src/data/questionPacks/mathPack.ts,Mathematics,Sequences,Math,LOW,REWRITE,100,Possible OCR/encoding/spacing corruption,"What is the next number in the sequence: 3, 6, 12, 24, 48, ___?"
math-v1-008,src/data/questionPacks/mathPack.ts,Mathematics,Algebra,Math,LOW,REWRITE,70,Duplicate or near-identical answer choices,"If x² − 5x + 6 = 0, what are the values of x?"
math-v1-014,src/data/questionPacks/mathPack.ts,Mathematics,Sequences,Math,LOW,REWRITE,100,Possible OCR/encoding/spacing corruption,"Find the next number: 2, 5, 11, 23, 47, ___"
math-v1-025,src/data/questionPacks/mathPack.ts,Mathematics,Sequences,Math,LOW,REWRITE,100,Possible OCR/encoding/spacing corruption,"Find the next number: 1, 4, 9, 16, 25, ___"
math-v1-032,src/data/questionPacks/mathPack.ts,Mathematics,Sequences,Math,LOW,REWRITE,100,Possible OCR/encoding/spacing corruption,"Find the next number: 81, 27, 9, 3, ___"
math-v1-044,src/data/questionPacks/mathPack.ts,Mathematics,Sequences,Math,LOW,REWRITE,70,Possible OCR/encoding/spacing corruption,"Find the next number: 5, 10, 20, 40, ___"
math-v1-051,src/data/questionPacks/mathPack.ts,Mathematics,Sequences,Math,LOW,REWRITE,70,Possible OCR/encoding/spacing corruption,"Find the next number: 7, 14, 28, 56, ___"
math-v1-062,src/data/questionPacks/mathPack.ts,Mathematics,Sequences,Math,LOW,REWRITE,100,Possible OCR/encoding/spacing corruption,"Find the next number: 4, 9, 19, 39, 79, ___"
math-v1-070,src/data/questionPacks/mathPack.ts,Mathematics,Sequences,Math,LOW,REWRITE,100,Possible OCR/encoding/spacing corruption,"Find the next number: 2, 6, 18, 54, ___"
math-v1-079,src/data/questionPacks/mathPack.ts,Mathematics,Sequences,Math,LOW,REWRITE,100,Possible OCR/encoding/spacing corruption,"Find the next number: 3, 8, 15, 24, 35, ___"
math-v1-089,src/data/questionPacks/mathPack.ts,Mathematics,Sequences,Math,LOW,REWRITE,100,Possible OCR/encoding/spacing corruption,"Find the next number: 6, 11, 18, 27, 38, ___"
math-v1-101,src/data/questionPacks/mathPack.ts,Mathematics,Algebra,Math,HIGH,REWRITE,100,Question opening text appears copied from source TXT: source_reviewers/Simulated UPCAT Booklet/Math Reviewer 2010 Solution & Answer Key.txt,"Amanda wants to buy a graphing calculator that is already on sale for P4200. The sale price is 30% below the original price. If she is able to get an additional 15% off for being a student, how much money was saved from "
math-v1-102,src/data/questionPacks/mathPack.ts,Mathematics,Geometry,Math,HIGH,REWRITE,100,Question opening text appears copied from source TXT: source_reviewers/Simulated UPCAT Booklet/Math Reviewer 2010 Solution & Answer Key.txt,"The x-intercepts of a parabola are 2 and 4, and the y-intercept is 8. If the parabola passes through the point (a, 8), what is the value of a?"
math-v1-105,src/data/questionPacks/mathPack.ts,Mathematics,Number Sense,Math,HIGH,REWRITE,100,Question opening text appears copied from source TXT: source_reviewers/Simulated UPCAT Booklet/Math Reviewer 2010 Solution & Answer Key.txt,What was the Biblical approximation to π?
math-v1-106,src/data/questionPacks/mathPack.ts,Mathematics,Statistics,Math,HIGH,REWRITE,100,Question opening text appears copied from source TXT: source_reviewers/Simulated UPCAT Booklet/Math Reviewer 2010 Solution & Answer Key.txt,"In the freshman class at Uno High School, there are 18 boys and 12 girls. The average height of the boys is 170 cm, and that of the girls is 160 cm. What is the average height of all the students?"
math-v1-111,src/data/questionPacks/mathPack.ts,Mathematics,Number Patterns,Math,HIGH,REWRITE,100,Question opening text appears copied from source TXT: source_reviewers/Simulated UPCAT Booklet/Math Reviewer 2010 Solution & Answer Key.txt,What is the sum of the first 100 positive odd integers?
math-v1-116,src/data/questionPacks/mathPack.ts,Mathematics,Geometry,Math,HIGH,REWRITE,100,Question opening text appears copied from source TXT: source_reviewers/Simulated UPCAT Booklet/Math Reviewer 2010 Solution & Answer Key.txt,What is the measure of the obtuse angle formed by two intersecting angle bisectors of an equilateral triangle?
math-v1-122,src/data/questionPacks/mathPack.ts,Mathematics,Number Line,Math,HIGH,REWRITE,100,Question opening text appears copied from source TXT: source_reviewers/Simulated UPCAT Booklet/Math Reviewer 2010 Solution & Answer Key.txt,How many integers are no more than 8 units from 20 and also at least 10 units from 35?
math-v1-126,src/data/questionPacks/mathPack.ts,Mathematics,Algebra,Math,LOW,REWRITE,70,Duplicate or near-identical answer choices,"For the quadratic equation x^2 + 3x - 5 = 0, what is the sum of its roots plus the product of its roots?"
math-v1-128,src/data/questionPacks/mathPack.ts,Mathematics,Algebra,Math,LOW,REWRITE,70,Duplicate or near-identical answer choices,"If a parabola defined by y = ax^2 + bx + c does not intersect the x-axis, which condition must be true?"
math-v1-130,src/data/questionPacks/mathPack.ts,Mathematics,Algebra,Math,LOW,REWRITE,70,Duplicate or near-identical answer choices,The larger root of the equation (x + 3)(x - 4) = 0 is which value?
math-v1-139,src/data/questionPacks/mathPack.ts,Mathematics,Algebra,Math,HIGH,REWRITE,100,Question opening text appears copied from source TXT: source_reviewers/Simulated UPCAT Booklet/Math Practice Test.txt,What number added to 6% of itself equals 31.8?
math-v1-141,src/data/questionPacks/mathPack.ts,Mathematics,Algebra,Math,LOW,REWRITE,70,Duplicate or near-identical answer choices,What is the quotient when 2x^3 - 3x^2 - 5x + 6 is divided by x^2 - 3x + 2?
math-v1-143,src/data/questionPacks/mathPack.ts,Mathematics,Algebra,Math,LOW,REWRITE,70,Duplicate or near-identical answer choices,"What is the greatest common factor of 3x^2 + 6x - 9, 6x^2 - 21x + 15, and 6x^3 - 6?"
math-v1-149,src/data/questionPacks/mathPack.ts,Mathematics,Geometry,Math,LOW,REWRITE,70,Duplicate or near-identical answer choices,"What is the distance from the point (2, 3) to the line x - y = 5?"
math-v1-150,src/data/questionPacks/mathPack.ts,Mathematics,Algebra,Math,LOW,REWRITE,70,Duplicate or near-identical answer choices,What value of x gives the maximum value for the quadratic expression -7x^2 + 7x + 3?
reading-v1-001,src/data/questionPacks/readingPack.ts,Reading Comprehension,Main Idea,Reading Comprehension,MEDIUM,NEEDS MANUAL REVIEW,100,Legal/source-risk phrase: the passage,"Passage: Many students believe that intelligence alone guarantees academic success. However, research shows that discipline, consistency, and effective study habits often play a greater role in long-term achievement. Wha"
reading-v1-002,src/data/questionPacks/readingPack.ts,Reading Comprehension,Inference,Reading Comprehension,MEDIUM,NEEDS MANUAL REVIEW,100,Legal/source-risk phrase: the passage,"Passage: Lena brought an umbrella before leaving home. Hours later, she arrived at school with wet shoes and damp sleeves. What can be inferred from the passage?"
reading-v1-003,src/data/questionPacks/readingPack.ts,Reading Comprehension,Author's Purpose,Reading Comprehension,MEDIUM,NEEDS MANUAL REVIEW,100,Legal/source-risk phrase: the passage,"Passage: Recycling helps reduce pollution, conserve natural resources, and decrease the amount of waste sent to landfills. Communities that recycle regularly contribute to a cleaner environment. What is the author's prim"
reading-v1-006,src/data/questionPacks/readingPack.ts,Reading Comprehension,Sequence,Reading Comprehension,MEDIUM,NEEDS MANUAL REVIEW,100,Legal/source-risk phrase: the passage,"Passage: First, Carla gathered all the ingredients. Next, she mixed the batter carefully. Finally, she baked the cake for forty minutes. What happened immediately before the cake was baked?"
reading-v1-007,src/data/questionPacks/readingPack.ts,Reading Comprehension,Tone,Reading Comprehension,MEDIUM,NEEDS MANUAL REVIEW,100,Legal/source-risk phrase: the passage,Passage: The coach praised the team enthusiastically after their dramatic comeback victory. What is the tone of the passage?
reading-v1-010,src/data/questionPacks/readingPack.ts,Reading Comprehension,Conclusion,Reading Comprehension,MEDIUM,NEEDS MANUAL REVIEW,100,Legal/source-risk phrase: the passage,"Passage: Miguel practiced the piano every evening for months. During the recital, he performed confidently without making mistakes. What is the best conclusion?"
reading-v1-011,src/data/questionPacks/readingPack.ts,Reading Comprehension,Main Idea,Reading Comprehension,MEDIUM,NEEDS MANUAL REVIEW,100,Legal/source-risk phrase: the passage,Passage: Technology has changed the way people communicate. Messages that once took days to deliver can now be sent instantly through smartphones and the internet. What is the main idea of the passage?
reading-v1-013,src/data/questionPacks/readingPack.ts,Reading Comprehension,Author's Purpose,Reading Comprehension,MEDIUM,NEEDS MANUAL REVIEW,100,Legal/source-risk phrase: the passage,Passage: Washing hands regularly can reduce the spread of germs and help prevent illness. Health experts recommend washing hands before eating and after using the restroom. What is the author's purpose?
reading-v1-016,src/data/questionPacks/readingPack.ts,Reading Comprehension,Sequence,Reading Comprehension,MEDIUM,NEEDS MANUAL REVIEW,100,Legal/source-risk phrase: the passage,"Passage: First, the campers built a fire. Then they cooked dinner. After eating, they told stories before sleeping. What happened after dinner?"
reading-v1-017,src/data/questionPacks/readingPack.ts,Reading Comprehension,Tone,Reading Comprehension,MEDIUM,NEEDS MANUAL REVIEW,100,Legal/source-risk phrase: the passage,Passage: The mayor thanked the volunteers warmly for their tireless efforts after the storm. What is the tone of the passage?
reading-v1-020,src/data/questionPacks/readingPack.ts,Reading Comprehension,Conclusion,Reading Comprehension,MEDIUM,NEEDS MANUAL REVIEW,100,Legal/source-risk phrase: the passage,"Passage: Angela saved a portion of her allowance every week. After several months, she finally bought the laptop she wanted. What is the best conclusion?"
reading-v1-021,src/data/questionPacks/readingPack.ts,Reading Comprehension,Main Idea,Reading Comprehension,MEDIUM,NEEDS MANUAL REVIEW,100,Legal/source-risk phrase: the passage,"Passage: Urban gardens are becoming popular in crowded cities. They provide fresh vegetables, improve air quality, and give residents a peaceful place to work together. What is the main idea of the passage?"
reading-v1-023,src/data/questionPacks/readingPack.ts,Reading Comprehension,Author's Purpose,Reading Comprehension,MEDIUM,NEEDS MANUAL REVIEW,100,Legal/source-risk phrase: the passage,"Passage: This guide explains how to prepare an emergency kit, including water, food, flashlights, batteries, and basic medicine. What is the author's purpose?"
reading-v1-025,src/data/questionPacks/readingPack.ts,Reading Comprehension,Fact and Opinion,Reading Comprehension,MEDIUM,REMOVE,100,Exact duplicate of reading-v1-005,Which statement is an opinion?
reading-v1-026,src/data/questionPacks/readingPack.ts,Reading Comprehension,Sequence,Reading Comprehension,MEDIUM,NEEDS MANUAL REVIEW,100,Legal/source-risk phrase: the passage,"Passage: Before planting the seedlings, Marco loosened the soil and added compost. After planting, he watered the garden. What did Marco do immediately before planting the seedlings?"
reading-v1-027,src/data/questionPacks/readingPack.ts,Reading Comprehension,Tone,Reading Comprehension,MEDIUM,NEEDS MANUAL REVIEW,100,Legal/source-risk phrase: the passage,"Passage: After months of failed attempts, the team finally watched their invention work. They cheered, laughed, and hugged one another. What is the tone of the passage?"
reading-v1-030,src/data/questionPacks/readingPack.ts,Reading Comprehension,Conclusion,Reading Comprehension,MEDIUM,NEEDS MANUAL REVIEW,100,Legal/source-risk phrase: the passage,"Passage: Nico reviewed his mistakes after every practice test. Over time, his scores improved steadily. What is the best conclusion?"
reading-v1-031,src/data/questionPacks/readingPack.ts,Reading Comprehension,Main Idea,Reading Comprehension,MEDIUM,NEEDS MANUAL REVIEW,100,Legal/source-risk phrase: the passage,"Passage: Public transportation reduces traffic congestion, lowers fuel consumption, and helps decrease air pollution in crowded cities. What is the main idea of the passage?"
reading-v1-033,src/data/questionPacks/readingPack.ts,Reading Comprehension,Author's Purpose,Reading Comprehension,MEDIUM,NEEDS MANUAL REVIEW,100,Legal/source-risk phrase: the passage,"Passage: Daily exercise strengthens the heart, improves mood, and helps maintain a healthy weight. Experts encourage people to stay physically active. What is the author's purpose?"
reading-v1-035,src/data/questionPacks/readingPack.ts,Reading Comprehension,Fact and Opinion,Reading Comprehension,MEDIUM,REMOVE,100,Exact duplicate of reading-v1-015,Which statement is a fact?
reading-v1-036,src/data/questionPacks/readingPack.ts,Reading Comprehension,Sequence,Reading Comprehension,MEDIUM,NEEDS MANUAL REVIEW,100,Legal/source-risk phrase: the passage,"Passage: First, Lea washed the vegetables. Next, she chopped them into small pieces. Finally, she cooked them in a large pot. What happened immediately after Lea washed the vegetables?"
reading-v1-037,src/data/questionPacks/readingPack.ts,Reading Comprehension,Tone,Reading Comprehension,MEDIUM,NEEDS MANUAL REVIEW,100,Legal/source-risk phrase: the passage,Passage: The audience applauded loudly as the graduating students proudly marched across the stage. What is the tone of the passage?
reading-v1-038,src/data/questionPacks/readingPack.ts,Reading Comprehension,Cause and Effect,Reading Comprehension,MEDIUM,NEEDS MANUAL REVIEW,100,Legal/source-risk phrase: the passage,Passage: The heavy snowfall forced schools to suspend classes and caused major traffic delays. What caused the traffic delays?
reading-v1-040,src/data/questionPacks/readingPack.ts,Reading Comprehension,Conclusion,Reading Comprehension,MEDIUM,NEEDS MANUAL REVIEW,100,Legal/source-risk phrase: the passage,"Passage: Ella practiced speaking in front of a mirror every night before the debate competition. During the contest, she spoke clearly and confidently. What is the best conclusion?"
reading-v1-041,src/data/questionPacks/readingPack.ts,Reading Comprehension,Main Idea,Reading Comprehension,MEDIUM,NEEDS MANUAL REVIEW,100,Legal/source-risk phrase: the passage,"Passage: Regular reading exposes people to new vocabulary, strengthens comprehension skills, and improves concentration over time. What is the main idea of the passage?"
reading-v1-043,src/data/questionPacks/readingPack.ts,Reading Comprehension,Author's Purpose,Reading Comprehension,MEDIUM,NEEDS MANUAL REVIEW,100,Legal/source-risk phrase: the passage,Passage: Turning off unused lights can reduce electricity consumption and lower monthly bills. Families are encouraged to practice energy conservation daily. What is the author's purpose?
reading-v1-044,src/data/questionPacks/readingPack.ts,Reading Comprehension,Vocabulary in Context,Vocabulary,LOW,REMOVE,100,Broken/OCR marker: continuing,Passage: The athlete was determined to finish the marathon despite the intense heat and exhaustion. What does 'determined' most nearly mean?
reading-v1-045,src/data/questionPacks/readingPack.ts,Reading Comprehension,Fact and Opinion,Reading Comprehension,MEDIUM,REMOVE,100,Exact duplicate of reading-v1-005,Which statement is an opinion?
reading-v1-047,src/data/questionPacks/readingPack.ts,Reading Comprehension,Tone,Reading Comprehension,MEDIUM,NEEDS MANUAL REVIEW,100,Legal/source-risk phrase: the passage,Passage: The child stared nervously at the dark hallway and slowly stepped backward. What is the tone of the passage?
reading-v1-048,src/data/questionPacks/readingPack.ts,Reading Comprehension,Cause and Effect,Reading Comprehension,MEDIUM,NEEDS MANUAL REVIEW,100,Legal/source-risk phrase: the passage,"Passage: Because the team practiced every afternoon, they developed stronger coordination during games. What caused the stronger coordination?"
reading-v1-050,src/data/questionPacks/readingPack.ts,Reading Comprehension,Conclusion,Reading Comprehension,MEDIUM,NEEDS MANUAL REVIEW,100,Legal/source-risk phrase: the passage,"Passage: Sophia practiced solving math problems every day after school. By the end of the semester, her test scores had increased significantly. What is the best conclusion?"
reading-v1-051,src/data/questionPacks/readingPack.ts,Reading Comprehension,Main Idea,Reading Comprehension,MEDIUM,NEEDS MANUAL REVIEW,100,Legal/source-risk phrase: the passage,"Passage: Many communities are planting trees along roads and public spaces. Trees provide shade, reduce heat, absorb carbon dioxide, and make neighborhoods more pleasant. What is the main idea of the passage?"
reading-v1-053,src/data/questionPacks/readingPack.ts,Reading Comprehension,Author's Purpose,Reading Comprehension,MEDIUM,NEEDS MANUAL REVIEW,100,Legal/source-risk phrase: the passage,"Passage: This article explains the steps for creating a simple household budget, including listing income, tracking expenses, and setting savings goals. What is the author's purpose?"
reading-v1-055,src/data/questionPacks/readingPack.ts,Reading Comprehension,Fact and Opinion,Reading Comprehension,MEDIUM,REMOVE,100,Exact duplicate of reading-v1-015,Which statement is a fact?
reading-v1-056,src/data/questionPacks/readingPack.ts,Reading Comprehension,Sequence,Reading Comprehension,MEDIUM,NEEDS MANUAL REVIEW,100,Legal/source-risk phrase: the passage,"Passage: First, the mechanic inspected the engine. Then he replaced the damaged belt. Finally, he tested the car on the road. What happened after the engine was inspected?"
reading-v1-057,src/data/questionPacks/readingPack.ts,Reading Comprehension,Tone,Reading Comprehension,MEDIUM,NEEDS MANUAL REVIEW,100,Legal/source-risk phrase: the passage,Passage: The principal proudly announced that the school had won the national science competition. Students cheered as the trophy was displayed. What is the tone of the passage?
reading-v1-060,src/data/questionPacks/readingPack.ts,Reading Comprehension,Conclusion,Reading Comprehension,MEDIUM,NEEDS MANUAL REVIEW,100,Legal/source-risk phrase: the passage,"Passage: Luis created a study schedule and followed it for several weeks. When exam day arrived, he answered calmly and finished on time. What is the best conclusion?"
reading-v1-061,src/data/questionPacks/readingPack.ts,Reading Comprehension,Main Idea,Reading Comprehension,MEDIUM,NEEDS MANUAL REVIEW,100,Legal/source-risk phrase: the passage,"Passage: Online learning allows students to access lessons from different locations, review recorded materials, and study at their own pace. However, it also requires discipline and reliable internet access. What is the "
reading-v1-065,src/data/questionPacks/readingPack.ts,Reading Comprehension,Fact and Opinion,Reading Comprehension,MEDIUM,REMOVE,100,Exact duplicate of reading-v1-005,Which statement is an opinion?
reading-v1-066,src/data/questionPacks/readingPack.ts,Reading Comprehension,Sequence,Reading Comprehension,MEDIUM,NEEDS MANUAL REVIEW,100,Legal/source-risk phrase: the passage,"Passage: Before submitting her essay, Dana checked the spelling, revised weak sentences, and added a clearer conclusion. What did Dana do before submitting her essay?"
reading-v1-067,src/data/questionPacks/readingPack.ts,Reading Comprehension,Tone,Reading Comprehension,MEDIUM,NEEDS MANUAL REVIEW,100,Legal/source-risk phrase: the passage,"Passage: The scientist carefully presented the data, avoiding exaggeration and explaining each limitation of the study. What is the tone of the passage?"
reading-v1-068,src/data/questionPacks/readingPack.ts,Reading Comprehension,Cause and Effect,Reading Comprehension,MEDIUM,NEEDS MANUAL REVIEW,100,Legal/source-risk phrase: the passage,"Passage: The city added more bicycle lanes, so more residents began cycling to work safely. What was the effect of adding more bicycle lanes?"
reading-v1-070,src/data/questionPacks/readingPack.ts,Reading Comprehension,Conclusion,Reading Comprehension,MEDIUM,NEEDS MANUAL REVIEW,100,Legal/source-risk phrase: the passage,"Passage: The barangay cleaned the drainage canals before the rainy season. When heavy rain came, the streets did not flood as badly as before. What is the best conclusion?"
reading-v1-071,src/data/questionPacks/readingPack.ts,Reading Comprehension,Main Idea,Reading Comprehension,MEDIUM,NEEDS MANUAL REVIEW,100,Legal/source-risk phrase: the passage,"Passage: Community cleanups help remove trash from public areas, encourage teamwork among residents, and make neighborhoods safer and more attractive. What is the main idea of the passage?"
reading-v1-073,src/data/questionPacks/readingPack.ts,Reading Comprehension,Author's Purpose,Reading Comprehension,MEDIUM,NEEDS MANUAL REVIEW,100,Legal/source-risk phrase: the passage,"Passage: This manual explains how to assemble the bookshelf by identifying each part, matching the screws, and following the numbered steps. What is the author's purpose?"
reading-v1-075,src/data/questionPacks/readingPack.ts,Reading Comprehension,Fact and Opinion,Reading Comprehension,MEDIUM,REMOVE,100,Exact duplicate of reading-v1-015,Which statement is a fact?
reading-v1-076,src/data/questionPacks/readingPack.ts,Reading Comprehension,Sequence,Reading Comprehension,MEDIUM,NEEDS MANUAL REVIEW,100,Legal/source-risk phrase: the passage,"Passage: After choosing a topic, the students gathered sources, created an outline, and then wrote their research papers. What happened immediately after the students chose a topic?"
reading-v1-077,src/data/questionPacks/readingPack.ts,Reading Comprehension,Tone,Reading Comprehension,MEDIUM,NEEDS MANUAL REVIEW,100,Legal/source-risk phrase: the passage,Passage: The editorial warned that ignoring the water shortage would lead to serious problems for farmers and families. What is the tone of the passage?
reading-v1-080,src/data/questionPacks/readingPack.ts,Reading Comprehension,Conclusion,Reading Comprehension,MEDIUM,NEEDS MANUAL REVIEW,100,Legal/source-risk phrase: the passage,"Passage: After joining the debate club, Rhea learned to organize her ideas and speak with more confidence. She later volunteered to lead a class discussion. What is the best conclusion?"
reading-v1-081,src/data/questionPacks/readingPack.ts,Reading Comprehension,Main Idea,Reading Comprehension,MEDIUM,NEEDS MANUAL REVIEW,100,Legal/source-risk phrase: the passage,"Passage: Saving money regularly can help people prepare for emergencies, avoid unnecessary debt, and reach long-term goals. Even small amounts can grow over time when saved consistently. What is the main idea of the pass"
reading-v1-082,src/data/questionPacks/readingPack.ts,Reading Comprehension,Inference,Reading Comprehension,MEDIUM,NEEDS MANUAL REVIEW,100,Legal/source-risk phrase: the passage,Passage: The audience grew silent as the final contestant stepped onto the stage. Several judges leaned forward and picked up their pens. What can be inferred from the passage?
reading-v1-085,src/data/questionPacks/readingPack.ts,Reading Comprehension,Fact and Opinion,Reading Comprehension,MEDIUM,REMOVE,100,Exact duplicate of reading-v1-005,Which statement is an opinion?
reading-v1-086,src/data/questionPacks/readingPack.ts,Reading Comprehension,Sequence,Reading Comprehension,MEDIUM,NEEDS MANUAL REVIEW,100,Legal/source-risk phrase: the passage,"Passage: First, the volunteers sorted the donations. Next, they packed the goods into boxes. Finally, they delivered the boxes to the evacuation center. What happened immediately before the boxes were delivered?"
reading-v1-087,src/data/questionPacks/readingPack.ts,Reading Comprehension,Tone,Reading Comprehension,MEDIUM,NEEDS MANUAL REVIEW,100,Legal/source-risk phrase: the passage,Passage: The article calmly compares the advantages and disadvantages of electric vehicles without using emotional language. What is the tone of the passage?
reading-v1-090,src/data/questionPacks/readingPack.ts,Reading Comprehension,Conclusion,Reading Comprehension,MEDIUM,NEEDS MANUAL REVIEW,100,Legal/source-risk phrase: the passage,"Passage: The team reviewed feedback after every presentation. Over time, their slides became clearer and their delivery became more confident. What is the best conclusion?"
reading-v1-091,src/data/questionPacks/readingPack.ts,Reading Comprehension,Main Idea,Reading Comprehension,MEDIUM,NEEDS MANUAL REVIEW,100,Legal/source-risk phrase: the passage,"Passage: Volunteering in community programs allows people to develop teamwork skills, meet new people, and contribute to meaningful projects that improve society. What is the main idea of the passage?"
reading-v1-095,src/data/questionPacks/readingPack.ts,Reading Comprehension,Fact and Opinion,Reading Comprehension,MEDIUM,REMOVE,100,Exact duplicate of reading-v1-005,Which statement is an opinion?
reading-v1-096,src/data/questionPacks/readingPack.ts,Reading Comprehension,Sequence,Reading Comprehension,MEDIUM,NEEDS MANUAL REVIEW,100,Legal/source-risk phrase: the passage,"Passage: First, the crew unloaded the supplies from the truck. Next, they organized the boxes by category. Finally, they distributed the supplies to the families. What happened before the supplies were distributed?"
reading-v1-097,src/data/questionPacks/readingPack.ts,Reading Comprehension,Tone,Reading Comprehension,MEDIUM,NEEDS MANUAL REVIEW,100,Legal/source-risk phrase: the passage,Passage: The speaker thanked the volunteers warmly and praised their dedication during the difficult recovery efforts. What is the tone of the passage?
reading-v1-100,src/data/questionPacks/readingPack.ts,Reading Comprehension,Conclusion,Reading Comprehension,MEDIUM,NEEDS MANUAL REVIEW,100,Legal/source-risk phrase: the passage,"Passage: After months of practicing coding problems every evening, Ian completed the programming contest with confidence and earned one of the highest scores. What is the best conclusion?"
filipino-v1-060,src/data/questionPacks/filipinoPack.ts,Filipino Language,Pangungusap,Language,MEDIUM,REMOVE,100,Exact duplicate of filipino-v1-020,Alin sa sumusunod ang may wastong ayos ng pangungusap?
filipino-v1-070,src/data/questionPacks/filipinoPack.ts,Filipino Language,Pangungusap,Language,MEDIUM,REMOVE,100,Exact duplicate of filipino-v1-020,Alin sa sumusunod ang may wastong ayos ng pangungusap?
filipino-v1-090,src/data/questionPacks/filipinoPack.ts,Filipino Language,Pangungusap,Language,MEDIUM,REMOVE,100,Exact duplicate of filipino-v1-050,Alin sa sumusunod ang pangungusap na patanong?
filipino-v1-100,src/data/questionPacks/filipinoPack.ts,Filipino Language,Pangungusap,Language,MEDIUM,REMOVE,100,Exact duplicate of filipino-v1-030,Alin sa sumusunod ang pangungusap na pasalaysay?
science-v1-040,src/data/questionPacks/sciencePack.ts,Science,Biology: Evolution,Science,MEDIUM,NEEDS MANUAL REVIEW,100,Legal/source-risk phrase: selection,Who proposed the theory of natural selection?
science-v1-066,src/data/questionPacks/sciencePack.ts,Science,Chemistry: Compounds,Science,LOW,REWRITE,70,Duplicate or near-identical answer choices,What is the chemical formula for carbon dioxide?
science-v1-091,src/data/questionPacks/sciencePack.ts,Science,Biology: Evolution,Science,MEDIUM,NEEDS MANUAL REVIEW,100,Legal/source-risk phrase: selection,Which process allows organisms with helpful traits to survive and reproduce more successfully over generations?
science-v1-101,src/data/questionPacks/sciencePack.ts,Science,Chemistry,Science,HIGH,REWRITE,100,Question opening text appears copied from source TXT: source_reviewers/Simulated UPCAT Booklet/Math and Science Post Exam.txt,Chlorine melts at -101°C and boils at -34.5°C. In what state does it exist at 0°C?
science-v1-102,src/data/questionPacks/sciencePack.ts,Science,Geology,Science,MEDIUM,REMOVE,100,Exact duplicate of science-v1-053,Which type of rock forms from cooled magma or lava?
science-v1-103,src/data/questionPacks/sciencePack.ts,Science,Chemistry,Science,LOW,REWRITE,70,Duplicate or near-identical answer choices,What is the equivalent of 1.00 kg/cm³ in grams per cubic meter?
science-v1-122,src/data/questionPacks/sciencePack.ts,Science,Astronomy,Science,HIGH,REWRITE,100,Question opening text appears copied from source TXT: source_reviewers/Simulated UPCAT Booklet/Math and Science Post Exam.txt,What is remarkable about the rotation of Uranus?
science-v1-123,src/data/questionPacks/sciencePack.ts,Science,Geology,Science,HIGH,REWRITE,100,Question opening text appears copied from source TXT: source_reviewers/Simulated UPCAT Booklet/Math and Science Post Exam.txt,Which of the following is a sedimentary rock?
science-v1-124,src/data/questionPacks/sciencePack.ts,Science,Earth Science,Science,HIGH,REWRITE,100,Question opening text appears copied from source TXT: source_reviewers/Simulated UPCAT Booklet/Math and Science Post Exam.txt,Which layer of the atmosphere is the coldest?
english-v1-001,src/data/questionPacks/englishPack.ts,English Language,Grammar: Subject-Verb Agreement,Language,LOW,REWRITE,100,Possible OCR/encoding/spacing corruption,Neither the students nor the teacher _____ prepared for the sudden quiz.
english-v1-003,src/data/questionPacks/englishPack.ts,English Language,Grammar: Pronouns,Language,LOW,REWRITE,100,Possible OCR/encoding/spacing corruption,Each of the players must bring _____ own uniform.
english-v1-007,src/data/questionPacks/englishPack.ts,English Language,Grammar: Tenses,Language,LOW,REWRITE,100,Possible OCR/encoding/spacing corruption,"By the time we arrived, the movie _____ already started."
english-v1-022,src/data/questionPacks/englishPack.ts,English Language,Grammar: Subject-Verb Agreement,Language,LOW,REWRITE,100,Possible OCR/encoding/spacing corruption,The bouquet of flowers _____ on the table.
english-v1-023,src/data/questionPacks/englishPack.ts,English Language,Grammar: Pronouns,Language,LOW,REWRITE,100,Possible OCR/encoding/spacing corruption,Maria and Ana brought _____ notebooks to class.
english-v1-025,src/data/questionPacks/englishPack.ts,English Language,Sentence Correction,Language,MEDIUM,REMOVE,100,Exact duplicate of english-v1-004,Choose the grammatically correct sentence.
english-v1-031,src/data/questionPacks/englishPack.ts,English Language,Grammar: Comparatives,Language,MEDIUM,REMOVE,100,Exact duplicate of english-v1-027,Choose the correct sentence.
english-v1-032,src/data/questionPacks/englishPack.ts,English Language,Vocabulary,Vocabulary,LOW,REMOVE,100,Broken/OCR marker: image,Choose the synonym of 'vivid.'
english-v1-033,src/data/questionPacks/englishPack.ts,English Language,Grammar: Run-on Sentences,Language,LOW,REWRITE,70,Duplicate or near-identical answer choices,Choose the correctly punctuated sentence.
english-v1-035,src/data/questionPacks/englishPack.ts,English Language,Reading Skills,Language,MEDIUM,NEEDS MANUAL REVIEW,100,Legal/source-risk phrase: the passage,What is the author's purpose if the passage mainly explains how volcanoes erupt?
english-v1-036,src/data/questionPacks/englishPack.ts,English Language,Grammar: Apostrophes,Language,LOW,REWRITE,70,Duplicate or near-identical answer choices,Choose the sentence with correct apostrophe usage.
english-v1-041,src/data/questionPacks/englishPack.ts,English Language,Grammar: Agreement,Language,LOW,REWRITE,100,Possible OCR/encoding/spacing corruption,Either the captain or the sailors _____ responsible for the damaged equipment.
english-v1-046,src/data/questionPacks/englishPack.ts,English Language,Grammar: Capitalization,Language,LOW,REWRITE,70,Duplicate or near-identical answer choices,Choose the sentence with correct capitalization.
english-v1-051,src/data/questionPacks/englishPack.ts,English Language,Grammar: Subject-Verb Agreement,Language,LOW,REWRITE,100,Possible OCR/encoding/spacing corruption,The list of required documents _____ on the bulletin board.
english-v1-052,src/data/questionPacks/englishPack.ts,English Language,Vocabulary,Vocabulary,LOW,REMOVE,100,Broken/OCR marker: continuing,Choose the word closest in meaning to 'persistent.'
english-v1-053,src/data/questionPacks/englishPack.ts,English Language,Grammar: Pronouns,Language,LOW,REWRITE,100,Possible OCR/encoding/spacing corruption,Neither Carla nor her sisters brought _____ umbrellas.
english-v1-058,src/data/questionPacks/englishPack.ts,English Language,Grammar: Parallelism,Language,MEDIUM,REMOVE,100,Exact duplicate of english-v1-011,Choose the sentence with correct parallel structure.
english-v1-061,src/data/questionPacks/englishPack.ts,English Language,Grammar: Subject-Verb Agreement,Language,LOW,REWRITE,100,Possible OCR/encoding/spacing corruption,The quality of the answers _____ more important than the number of pages.
english-v1-063,src/data/questionPacks/englishPack.ts,English Language,Grammar: Pronoun Case,Language,MEDIUM,REMOVE,100,Exact duplicate of english-v1-027,Choose the correct sentence.
english-v1-064,src/data/questionPacks/englishPack.ts,English Language,Sentence Correction,Language,LOW,REWRITE,70,Duplicate or near-identical answer choices,Choose the sentence with correct punctuation.
english-v1-068,src/data/questionPacks/englishPack.ts,English Language,Grammar: Parallelism,Language,MEDIUM,REMOVE,100,Exact duplicate of english-v1-011,Choose the sentence with correct parallel structure.
english-v1-069,src/data/questionPacks/englishPack.ts,English Language,Logical Organization,Logic,LOW,REWRITE,100,Possible OCR/encoding/spacing corruption,"Which transition best completes the sentence? 'The first experiment failed. _____, the team revised its method and tried again.'"
english-v1-071,src/data/questionPacks/englishPack.ts,English Language,Grammar: Subject-Verb Agreement,Language,LOW,REWRITE,100,Possible OCR/encoding/spacing corruption,Neither the manager nor the employees _____ aware of the schedule change.
english-v1-073,src/data/questionPacks/englishPack.ts,English Language,Grammar: Pronoun Agreement,Language,LOW,REWRITE,100,Possible OCR/encoding/spacing corruption,Every student should submit _____ project before Friday.
english-v1-074,src/data/questionPacks/englishPack.ts,English Language,Sentence Correction,Language,MEDIUM,REMOVE,100,Exact duplicate of english-v1-054,Choose the sentence that is grammatically correct.
english-v1-078,src/data/questionPacks/englishPack.ts,English Language,Grammar: Parallelism,Language,MEDIUM,REMOVE,100,Exact duplicate of english-v1-011,Choose the sentence with correct parallel structure.
english-v1-079,src/data/questionPacks/englishPack.ts,English Language,Logical Organization,Logic,LOW,REWRITE,100,Possible OCR/encoding/spacing corruption,"Which transition best completes the sentence? 'The road was flooded; _____, classes were suspended.'"
english-v1-081,src/data/questionPacks/englishPack.ts,English Language,Grammar: Subject-Verb Agreement,Language,LOW,REWRITE,100,Possible OCR/encoding/spacing corruption,The results of the survey _____ surprising to the researchers.
english-v1-083,src/data/questionPacks/englishPack.ts,English Language,Grammar: Pronouns,Language,MEDIUM,REMOVE,100,Exact duplicate of english-v1-027,Choose the correct sentence.
english-v1-084,src/data/questionPacks/englishPack.ts,English Language,Sentence Correction,Language,LOW,REWRITE,70,Duplicate or near-identical answer choices,Choose the sentence with correct comma usage.
english-v1-088,src/data/questionPacks/englishPack.ts,English Language,Grammar: Parallelism,Language,MEDIUM,REMOVE,100,Exact duplicate of english-v1-011,Choose the sentence with correct parallel structure.
english-v1-089,src/data/questionPacks/englishPack.ts,English Language,Logical Organization,Logic,LOW,REWRITE,100,Possible OCR/encoding/spacing corruption,"Which transition best completes the sentence? 'Many students wanted to attend the seminar. _____, the room could hold only fifty people.'"
english-v1-091,src/data/questionPacks/englishPack.ts,English Language,Grammar: Subject-Verb Agreement,Language,LOW,REWRITE,100,Possible OCR/encoding/spacing corruption,One of the students _____ chosen to represent the class.
english-v1-093,src/data/questionPacks/englishPack.ts,English Language,Grammar: Pronouns,Language,LOW,REWRITE,100,Possible OCR/encoding/spacing corruption,Everyone in the group submitted _____ assignment on time.
english-v1-094,src/data/questionPacks/englishPack.ts,English Language,Sentence Correction,Language,MEDIUM,REMOVE,100,Exact duplicate of english-v1-054,Choose the sentence that is grammatically correct.
english-v1-096,src/data/questionPacks/englishPack.ts,English Language,Grammar: Active and Passive Voice,Language,MEDIUM,REMOVE,100,Exact duplicate of english-v1-056,Which sentence is written in active voice?
english-v1-098,src/data/questionPacks/englishPack.ts,English Language,Grammar: Parallelism,Language,MEDIUM,REMOVE,100,Exact duplicate of english-v1-011,Choose the sentence with correct parallel structure.
english-v1-099,src/data/questionPacks/englishPack.ts,English Language,Logical Organization,Logic,LOW,REWRITE,100,Possible OCR/encoding/spacing corruption,"Which transition best completes the sentence? 'The team practiced daily. _____, they improved significantly before the tournament.'"
english-v1-101,src/data/questionPacks/englishPack.ts,English Language,Grammar,Language,LOW,REMOVE,100,Invalid choices count: 0,Identify the error in the sentence: The apparent heir to the throne was expected to attend the ceremony.
english-v1-102,src/data/questionPacks/englishPack.ts,English Language,Sentence Correction,Language,HIGH,REMOVE,100,Invalid choices count: 0 | Question opening text appears copied from source TXT: source_reviewers/FilipiKnow Ultimate UPCAT Prep/Ultimate UPCAT Prep 2018 Edition.txt,She had only walked for about fifteen miles when her legs gave out.
english-v1-103,src/data/questionPacks/englishPack.ts,English Language,Grammar,Language,HIGH,REMOVE,100,Invalid choices count: 0 | Question opening text appears copied from source TXT: source_reviewers/Simulated UPCAT Booklet/General Mock Test 01.txt,Rowena announced that the bonus will arrive during the meeting yesterday.
english-v1-104,src/data/questionPacks/englishPack.ts,English Language,Subject-Verb Agreement,Language,HIGH,REMOVE,100,Invalid choices count: 0 | Possible OCR/encoding/spacing corruption | Question opening text appears copied from source TXT: source_reviewers/FilipiKnow Ultimate UPCAT Prep/Ultimate UPCAT Prep 2018 Edition.txt,A large percentage of the class ___ fascinated by the museum.
english-v1-105,src/data/questionPacks/englishPack.ts,English Language,Error Detection,Language,HIGH,REMOVE,100,Invalid choices count: 0 | Question opening text appears copied from source TXT: source_reviewers/Simulated UPCAT Booklet/General Mock Test 01.txt,You do your homework right now or I won't let you go out with your friends.
english-v1-106,src/data/questionPacks/englishPack.ts,English Language,Prepositions,Language,LOW,REMOVE,100,Invalid choices count: 0 | Possible OCR/encoding/spacing corruption,"Rita resides ___ #312 Mahabagin Street, Teacher\u2019s Village ___ Quezon City."
english-v1-107,src/data/questionPacks/englishPack.ts,English Language,Subjunctive Mood,Language,HIGH,REMOVE,100,Invalid choices count: 0 | Possible OCR/encoding/spacing corruption | Question opening text appears copied from source TXT: source_reviewers/Simulated UPCAT Booklet/General Mock Test 01.txt,"According to Machiavelli, it is not imperative that a ruler ___ good, he just has to appear so."
english-v1-108,src/data/questionPacks/englishPack.ts,English Language,Prepositions,Language,LOW,REMOVE,100,Invalid choices count: 0 | Possible OCR/encoding/spacing corruption,"Lolita is going to Switzerland ___ May next year. Particularly, she would be leaving ___ eight o\u2019clock a.m ___ New Year\u2019s Day."
english-v1-109,src/data/questionPacks/englishPack.ts,English Language,Possessives,Language,HIGH,REMOVE,100,Invalid choices count: 0 | Possible OCR/encoding/spacing corruption | Question opening text appears copied from source TXT: source_reviewers/Simulated UPCAT Booklet/General Mock Test 01.txt,John and Susie own that yacht. ___ yacht is a beauty.
english-v1-110,src/data/questionPacks/englishPack.ts,English Language,Error Detection,Language,HIGH,REMOVE,100,Invalid choices count: 0 | Question opening text appears copied from source TXT: source_reviewers/Simulated UPCAT Booklet/General Mock Test 01.txt,The doctor as well as some of the best doctors in the Philippines is giving a free medical checkup tomorrow.
english-v1-111,src/data/questionPacks/englishPack.ts,English Language,Pronouns,Language,HIGH,REMOVE,100,Invalid choices count: 0 | Question opening text appears copied from source TXT: source_reviewers/Simulated UPCAT Booklet/General Mock Test 01.txt,Whomsoever wishes to see a ghost is a fool.
english-v1-112,src/data/questionPacks/englishPack.ts,English Language,Adjectives,Language,LOW,REMOVE,100,Invalid choices count: 0 | Possible OCR/encoding/spacing corruption,Choose the correct completion: You smell very ___.
english-v1-113,src/data/questionPacks/englishPack.ts,English Language,Pronouns,Language,HIGH,REMOVE,100,Invalid choices count: 0 | Possible OCR/encoding/spacing corruption | Question opening text appears copied from source TXT: source_reviewers/Simulated UPCAT Booklet/General Mock Test 01.txt,Sakuragi did a slam dunk and the crowd roared ___ approval.
english-v1-114,src/data/questionPacks/englishPack.ts,English Language,Sentence Correction,Language,LOW,REMOVE,100,Invalid choices count: 0,Choose the most correct and effective sentence.
english-v1-115,src/data/questionPacks/englishPack.ts,English Language,Error Detection,Language,HIGH,REMOVE,100,Invalid choices count: 0 | Question opening text appears copied from source TXT: source_reviewers/Simulated UPCAT Booklet/General Mock Test 01.txt,The children were dismayed and depressed by the closing of the zoo.
english-v1-116,src/data/questionPacks/englishPack.ts,English Language,Comparatives,Language,HIGH,REMOVE,100,Invalid choices count: 0 | Question opening text appears copied from source TXT: source_reviewers/Simulated UPCAT Booklet/General Mock Test 01.txt,No one was lovelier or more strikingly intelligent than her at the beauty contest yesterday.
english-v1-117,src/data/questionPacks/englishPack.ts,English Language,Quantifiers,Language,HIGH,REMOVE,100,Invalid choices count: 0 | Possible OCR/encoding/spacing corruption | Question opening text appears copied from source TXT: source_reviewers/Simulated UPCAT Booklet/General Mock Test 01.txt,I used too ___ of the bleach and so the stain remained on the shirt.
english-v1-118,src/data/questionPacks/englishPack.ts,English Language,Subject-Verb Agreement,Language,HIGH,REMOVE,100,Invalid choices count: 0 | Question opening text appears copied from source TXT: source_reviewers/Simulated UPCAT Booklet/General Mock Test 01.txt,Each man and each woman in the audience was affected by the passionate speech.
english-v1-119,src/data/questionPacks/englishPack.ts,English Language,Vocabulary,Vocabulary,HIGH,REMOVE,100,"Invalid choices count: 0 | Possible OCR/encoding/spacing corruption | Question opening text appears copied from source TXT: source_reviewers/Simulated UPCAT Booklet/UPCAT Reviewer (Sanchez, 2020).txt",The first permanent tooth usually appears about four years after the baby teeth have ___.
english-v1-120,src/data/questionPacks/englishPack.ts,English Language,Vocabulary,Vocabulary,HIGH,REMOVE,100,Invalid choices count: 0 | Question opening text appears copied from source TXT: source_reviewers/FilipiKnow Ultimate UPCAT Prep/Ultimate UPCAT Prep 2018 Edition.txt,The professor took an immaculate handkerchief out of his pocket.
english-v1-121,src/data/questionPacks/englishPack.ts,English Language,Vocabulary,Vocabulary,LOW,REMOVE,100,Invalid choices count: 0,The workplace wore a macabre look after the company downsized its staff strength.
english-v1-122,src/data/questionPacks/englishPack.ts,English Language,Grammar,Language,LOW,REMOVE,100,Invalid choices count: 0,The conversation with her mother had a more profound affect on her than she expected.
english-v1-123,src/data/questionPacks/englishPack.ts,English Language,Grammar,Language,HIGH,REMOVE,100,"Invalid choices count: 0 | Question opening text appears copied from source TXT: source_reviewers/Simulated UPCAT Booklet/UPCAT Reviewer (Sanchez, 2020).txt",The then Prime Minister had issued an order though he was not supposedly to.
english-v1-124,src/data/questionPacks/englishPack.ts,English Language,Vocabulary,Vocabulary,LOW,REMOVE,100,Invalid choices count: 0,The interviewer turned his attention to us with a cramped sort of face.
english-v1-125,src/data/questionPacks/englishPack.ts,English Language,Vocabulary,Vocabulary,HIGH,REMOVE,100,Invalid choices count: 0 | Question opening text appears copied from source TXT: source_reviewers/Simulated UPCAT Booklet/General Mock Test 02.txt,"The dog ambled to the door, which was slightly ajar."
english-v1-126,src/data/questionPacks/englishPack.ts,English Language,Vocabulary,Vocabulary,HIGH,REMOVE,100,Invalid choices count: 0 | Question opening text appears copied from source TXT: source_reviewers/Simulated UPCAT Booklet/General Mock Test 02.txt,Harold lumbered at him and clouted him across the head.
english-v1-127,src/data/questionPacks/englishPack.ts,English Language,Vocabulary,Vocabulary,HIGH,REMOVE,100,Invalid choices count: 0 | Question opening text appears copied from source TXT: source_reviewers/Simulated UPCAT Booklet/General Mock Test 02.txt,I thought they were likely to bundle him into a car but the policeman simply led him back to the road.
english-v1-128,src/data/questionPacks/englishPack.ts,English Language,Vocabulary,Vocabulary,HIGH,REMOVE,100,Invalid choices count: 0 | Question opening text appears copied from source TXT: source_reviewers/Simulated UPCAT Booklet/General Mock Test 02.txt,Marc is far too sensible to have done a fatuous thing like that.
english-v1-129,src/data/questionPacks/englishPack.ts,English Language,Vocabulary,Vocabulary,MEDIUM,REMOVE,100,Invalid choices count: 0 | References missing visual/table/figure | Legal/source-risk phrase: figure,It is bizarre how often public figures who loudly espouse traditional family values are later caught in scandal.
english-v1-130,src/data/questionPacks/englishPack.ts,English Language,Vocabulary,Vocabulary,MEDIUM,REMOVE,100,Invalid choices count: 0 | Legal/source-risk phrase: the passage,Which of the following is a synonym of 'vehement' as used in the passage?
english-v1-131,src/data/questionPacks/englishPack.ts,English Language,Vocabulary,Vocabulary,MEDIUM,REMOVE,100,Invalid choices count: 0 | Legal/source-risk phrase: the passage,The word 'contemned' in the passage is similar in meaning to all of the following EXCEPT:
english-v1-132,src/data/questionPacks/englishPack.ts,English Language,Analogy,Language,LOW,REMOVE,100,Invalid choices count: 0 | Possible OCR/encoding/spacing corruption,Verbose is to wordy as concise is to ___.
english-v1-133,src/data/questionPacks/englishPack.ts,English Language,Analogy,Language,LOW,REMOVE,100,Invalid choices count: 0 | Possible OCR/encoding/spacing corruption,Simile is to metaphor as explicit is to ___.
english-v1-134,src/data/questionPacks/englishPack.ts,English Language,Analogies,Language,LOW,REMOVE,100,Invalid choices count: 0 | Possible OCR/encoding/spacing corruption,Grammar is to correctness as diction is to ___.
english-v1-135,src/data/questionPacks/englishPack.ts,English Language,Logical Language Usage,Logic,LOW,REMOVE,100,Invalid choices count: 0 | Possible OCR/encoding/spacing corruption,Mendacity is to honesty as arrogance is to ___.
english-v1-136,src/data/questionPacks/englishPack.ts,English Language,Sentence Completion,Language,LOW,REMOVE,100,Invalid choices count: 0 | Possible OCR/encoding/spacing corruption,The speaker insisted that the report ___ submitted by Friday.
english-v1-137,src/data/questionPacks/englishPack.ts,English Language,Verb Forms,Language,LOW,REMOVE,100,Invalid choices count: 0 | Possible OCR/encoding/spacing corruption,"She said that by the time she arrived, the meeting ___ already ___."
english-v1-138,src/data/questionPacks/englishPack.ts,English Language,Pronouns,Language,LOW,REMOVE,100,Invalid choices count: 0 | Possible OCR/encoding/spacing corruption,Neither the students nor the teacher ___ prepared for the exam.
english-v1-139,src/data/questionPacks/englishPack.ts,English Language,Parallel Structure,Language,LOW,REMOVE,100,Invalid choices count: 0 | Possible OCR/encoding/spacing corruption,"The committee recommended hiring more staff, improving training programs, and ___ the budget."
english-v1-140,src/data/questionPacks/englishPack.ts,English Language,Context Clues,Language,LOW,REMOVE,100,Invalid choices count: 0,"The mansion had an air of ostentation, with gold trim and crystal chandeliers everywhere."
english-v1-141,src/data/questionPacks/englishPack.ts,English Language,Grammar,Language,LOW,REMOVE,100,Invalid choices count: 0 | Possible OCR/encoding/spacing corruption,"If I ___ the answer, I would have told you sooner."
english-v1-142,src/data/questionPacks/englishPack.ts,English Language,Vocabulary,Vocabulary,LOW,REMOVE,100,Invalid choices count: 0,The politician\u2019s speech was full of platitudes that sounded comforting but offered no real plan.
english-v1-143,src/data/questionPacks/englishPack.ts,English Language,Sentence Correction,Language,LOW,REMOVE,100,Invalid choices count: 0,Choose the most correct sentence.
english-v1-144,src/data/questionPacks/englishPack.ts,English Language,Vocabulary,Vocabulary,LOW,REMOVE,100,Invalid choices count: 0,"In the sentence, 'He was accused of embezzling funds, but he insisted that he was innocent,' what does 'innocent' mean?"
english-v1-145,src/data/questionPacks/englishPack.ts,English Language,Analogy,Language,LOW,REMOVE,100,Invalid choices count: 0 | Possible OCR/encoding/spacing corruption,Plagiarism is to originality as imitation is to ___.
english-v1-146,src/data/questionPacks/englishPack.ts,English Language,Grammar,Language,LOW,REMOVE,100,Invalid choices count: 0 | Possible OCR/encoding/spacing corruption,The editor recommended that the article ___ revised before publication.
english-v1-147,src/data/questionPacks/englishPack.ts,English Language,Vocabulary,Vocabulary,LOW,REMOVE,100,Invalid choices count: 0,The report concluded that the company\u2019s prospects were tenuous at best.
english-v1-148,src/data/questionPacks/englishPack.ts,English Language,Sentence Correction,Language,MEDIUM,REMOVE,100,Invalid choices count: 0 | Exact duplicate of english-v1-143,Choose the most correct sentence.
english-v1-149,src/data/questionPacks/englishPack.ts,English Language,Vocabulary,Vocabulary,LOW,REMOVE,100,Invalid choices count: 0,The committee\u2019s decision was deliberate and therefore carried weight.
english-v1-150,src/data/questionPacks/englishPack.ts,English Language,Grammar,Language,LOW,REMOVE,100,Invalid choices count: 0 | Possible OCR/encoding/spacing corruption,"Although he had practiced for weeks, he still found the speech ___ to deliver."
reading-staging-004,src/data/stagingQuestions/readingStaging.ts,Reading Comprehension,Main Idea,Reading Comprehension,MEDIUM,NEEDS MANUAL REVIEW,100,Legal/source-risk phrase: the story,"What is the main point of ""The Witness Tree"" story?"
reading-staging-005,src/data/stagingQuestions/readingStaging.ts,Reading Comprehension,Context Clues,Reading Comprehension,MEDIUM,REMOVE,100,Reading question appears to reference missing passage/story/context | Legal/source-risk phrase: the story,Which detail in the story most clearly suggests the judge was testing the neighbor?
reading-staging-007,src/data/stagingQuestions/readingStaging.ts,Reading Comprehension,Author's Purpose,Reading Comprehension,MEDIUM,NEEDS MANUAL REVIEW,100,Legal/source-risk phrase: the story,"Why was ""The Witness Tree"" most likely told?"
reading-staging-008,src/data/stagingQuestions/readingStaging.ts,Reading Comprehension,Main Idea,Reading Comprehension,MEDIUM,REMOVE,100,Reading question appears to reference missing passage/story/context | Legal/source-risk phrase: the passage,"According to the passage about Julia Morgan, which idea best states the passage’s main point?"
reading-staging-009,src/data/stagingQuestions/readingStaging.ts,Reading Comprehension,Context Clues,Reading Comprehension,MEDIUM,REMOVE,100,Reading question appears to reference missing passage/story/context,Why does the author say Morgan graduated in three years instead of the usual five?
reading-staging-011,src/data/stagingQuestions/readingStaging.ts,Reading Comprehension,Inference,Reading Comprehension,MEDIUM,REMOVE,100,Reading question appears to reference missing passage/story/context | Legal/source-risk phrase: the passage,"What phrase from the passage is closest in meaning to ""make a name for herself""?"
reading-staging-012,src/data/stagingQuestions/readingStaging.ts,Reading Comprehension,Paragraph Analysis,Reading Comprehension,MEDIUM,REMOVE,100,Reading question appears to reference missing passage/story/context,"Why does the author begin the paragraph about Morgan’s work for women’s education with the word ""But""?"
reading-staging-013,src/data/stagingQuestions/readingStaging.ts,Reading Comprehension,Main Idea,Reading Comprehension,MEDIUM,REMOVE,100,Reading question appears to reference missing passage/story/context | Legal/source-risk phrase: the passage,What is the main idea of the passage about Jay adjusting to life in California?
reading-staging-014,src/data/stagingQuestions/readingStaging.ts,Reading Comprehension,Context Clues,Reading Comprehension,MEDIUM,REMOVE,100,Reading question appears to reference missing passage/story/context | Legal/source-risk phrase: the passage,"According to the passage, which winter activity does Jay miss the most?"
reading-staging-015,src/data/stagingQuestions/readingStaging.ts,Reading Comprehension,Word Meaning,Reading Comprehension,MEDIUM,REMOVE,100,Reading question appears to reference missing passage/story/context | Legal/source-risk phrase: the passage,"In the passage, what does the word ""exploits"" most likely mean?"
reading-staging-018,src/data/stagingQuestions/readingStaging.ts,Reading Comprehension,Main Idea,Reading Comprehension,MEDIUM,REMOVE,100,Reading question appears to reference missing passage/story/context | Legal/source-risk phrase: the story,Which title best fits the story about Jay learning to surf in a new place?
reading-staging-019,src/data/stagingQuestions/readingStaging.ts,Reading Comprehension,Narrative Perspective,Reading Comprehension,MEDIUM,REMOVE,100,Reading question appears to reference missing passage/story/context | Legal/source-risk phrase: the story | Legal/source-risk phrase: the passage,"Who is most likely telling the story in ""Fortune Tellers""?"
reading-staging-021,src/data/stagingQuestions/readingStaging.ts,Reading Comprehension,Tone,Reading Comprehension,MEDIUM,REMOVE,100,Reading question appears to reference missing passage/story/context | Legal/source-risk phrase: the passage,How would Tim most likely describe the party mentioned in the passage?
reading-staging-023,src/data/stagingQuestions/readingStaging.ts,Reading Comprehension,Main Idea,Reading Comprehension,MEDIUM,REMOVE,100,Reading question appears to reference missing passage/story/context | Legal/source-risk phrase: the passage,What is the passage mainly about?
reading-staging-024,src/data/stagingQuestions/readingStaging.ts,Reading Comprehension,Paragraph Analysis,Reading Comprehension,MEDIUM,REMOVE,100,Broken/OCR marker: image | Reading question appears to reference missing passage/story/context,"In the Hurston passage, which image does the author use as a metaphor for the culture of her upbringing?"
reading-staging-025,src/data/stagingQuestions/readingStaging.ts,Reading Comprehension,Inference,Reading Comprehension,MEDIUM,REMOVE,100,Reading question appears to reference missing passage/story/context,Which conclusion is most reasonable from the author’s college experience?
reading-staging-026,src/data/stagingQuestions/readingStaging.ts,Reading Comprehension,Word Meaning,Reading Comprehension,MEDIUM,REMOVE,70,Reading question appears to reference missing passage/story/context | Legal/source-risk phrase: the passage,"In the passage, what does the word ""material"" most nearly mean?"
reading-staging-027,src/data/stagingQuestions/readingStaging.ts,Reading Comprehension,Argument Evaluation,Reading Comprehension,MEDIUM,REMOVE,100,Reading question appears to reference missing passage/story/context,Why does the author say she chose Florida for her folklore work?
reading-staging-028,src/data/stagingQuestions/readingStaging.ts,Reading Comprehension,Inference,Reading Comprehension,MEDIUM,REMOVE,100,Reading question appears to reference missing passage/story/context,"When the author writes, ""In a way, it would not be a new experience for me,"" she means that she was already:"
reading-staging-029,src/data/stagingQuestions/readingStaging.ts,Reading Comprehension,Inference,Reading Comprehension,MEDIUM,NEEDS MANUAL REVIEW,100,Legal/source-risk phrase: the passage,What can be inferred about the gatherings on the store porch in Eatonville?
reading-staging-030,src/data/stagingQuestions/readingStaging.ts,Reading Comprehension,Inference,Reading Comprehension,MEDIUM,REMOVE,100,Reading question appears to reference missing passage/story/context,What does the author imply about collecting folklore in isolated communities?
reading-staging-031,src/data/stagingQuestions/readingStaging.ts,Reading Comprehension,Argument Evaluation,Reading Comprehension,MEDIUM,REMOVE,100,Reading question appears to reference missing passage/story/context,Which statement is NOT offered as a reason the author chose Eatonville?
reading-staging-032,src/data/stagingQuestions/readingStaging.ts,Reading Comprehension,Main Idea,Reading Comprehension,MEDIUM,NEEDS MANUAL REVIEW,100,Legal/source-risk phrase: the passage,What is the main idea of the Andean farming passage?
reading-staging-033,src/data/stagingQuestions/readingStaging.ts,Reading Comprehension,Argument Evaluation,Reading Comprehension,MEDIUM,REMOVE,100,Reading question appears to reference missing passage/story/context | Legal/source-risk phrase: the passage,"In the passage, the description of industrial potato farming is used mainly to:"
reading-staging-034,src/data/stagingQuestions/readingStaging.ts,Reading Comprehension,Detail,Reading Comprehension,MEDIUM,REMOVE,100,Reading question appears to reference missing passage/story/context | Legal/source-risk phrase: the passage,Which statement about the small number of global potato varieties is supported by the passage?
reading-staging-035,src/data/stagingQuestions/readingStaging.ts,Reading Comprehension,Word Meaning,Reading Comprehension,MEDIUM,NEEDS MANUAL REVIEW,100,Legal/source-risk phrase: the passage,"In the Andean farming passage, the word ""fabricated"" most nearly means:"
reading-staging-044,src/data/stagingQuestions/readingStaging.ts,Reading Comprehension,Detail,Reading Comprehension,MEDIUM,REMOVE,100,Reading question appears to reference missing passage/story/context | Legal/source-risk phrase: the passage,Which idea appears in the final paragraph but not earlier in the passage?
reading-staging-046,src/data/stagingQuestions/readingStaging.ts,Reading Comprehension,Detail,Reading Comprehension,MEDIUM,NEEDS MANUAL REVIEW,100,Legal/source-risk phrase: the passage,"According to ""The Organic Way of Life,"" which statement about primary decomposers is true?"
reading-staging-048,src/data/stagingQuestions/readingStaging.ts,Reading Comprehension,Inference,Reading Comprehension,MEDIUM,NEEDS MANUAL REVIEW,100,Legal/source-risk phrase: the passage,"In the soil passage, what can be inferred about the atmosphere compared with soil?"
reading-staging-050,src/data/stagingQuestions/readingStaging.ts,Reading Comprehension,Word Meaning,Reading Comprehension,MEDIUM,REMOVE,100,Reading question appears to reference missing passage/story/context | Legal/source-risk phrase: the passage,"As used in the passage, the word ""encysting"" most nearly means:"
math-staging-026,src/data/stagingQuestions/mathStaging.ts,Mathematics,Algebra,Math,MEDIUM,REMOVE,70,Duplicate or near-identical answer choices | Exact duplicate of math-v1-126,"For the quadratic equation x^2 + 3x - 5 = 0, what is the sum of its roots plus the product of its roots?"
math-staging-027,src/data/stagingQuestions/mathStaging.ts,Mathematics,Algebra,Math,MEDIUM,REMOVE,100,Exact duplicate of math-v1-127,The roots of the equation 2x^2 - x = 4 are which of the following?
math-staging-028,src/data/stagingQuestions/mathStaging.ts,Mathematics,Algebra,Math,MEDIUM,REMOVE,70,Duplicate or near-identical answer choices | Exact duplicate of math-v1-128,"If a parabola defined by y = ax^2 + bx + c does not intersect the x-axis, which condition must be true?"
math-staging-029,src/data/stagingQuestions/mathStaging.ts,Mathematics,Binomial Theorem,Math,MEDIUM,REMOVE,100,Exact duplicate of math-v1-129,What is the last term in the expansion of (x + 2y)^5?
math-staging-030,src/data/stagingQuestions/mathStaging.ts,Mathematics,Algebra,Math,MEDIUM,REMOVE,70,Duplicate or near-identical answer choices | Exact duplicate of math-v1-130,The larger root of the equation (x + 3)(x - 4) = 0 is which value?
math-staging-031,src/data/stagingQuestions/mathStaging.ts,Mathematics,Algebra,Math,MEDIUM,REMOVE,100,Exact duplicate of math-v1-131,Express 1/(x + 1) + 1/x as a single simplified fraction.
math-staging-032,src/data/stagingQuestions/mathStaging.ts,Mathematics,Sequences,Math,MEDIUM,REMOVE,100,Exact duplicate of math-v1-132,What is the sum of the infinite geometric series 3.1 + 1.86 + 1.116 + 0.6696 + ...?
math-staging-033,src/data/stagingQuestions/mathStaging.ts,Mathematics,Geometry,Math,MEDIUM,REMOVE,100,Exact duplicate of math-v1-133,What is the radian measure of the angle formed by the hour and minute hands of a clock at 2:00 pm?
math-staging-034,src/data/stagingQuestions/mathStaging.ts,Mathematics,Arithmetic,Math,MEDIUM,REMOVE,100,Exact duplicate of math-v1-134,Evaluate 15 - 3[2 + 6(-3)].
math-staging-035,src/data/stagingQuestions/mathStaging.ts,Mathematics,Algebra,Math,MEDIUM,REMOVE,100,Exact duplicate of math-v1-135,"Given the lines 3x + y - 8 = 0 and -2x + ky + 9 = 0, what value of k makes the lines perpendicular?"
math-staging-036,src/data/stagingQuestions/mathStaging.ts,Mathematics,Algebra,Math,MEDIUM,REMOVE,100,Exact duplicate of math-v1-136,Simplify: (3 - 7)(3 + 7).
math-staging-037,src/data/stagingQuestions/mathStaging.ts,Mathematics,Number Theory,Math,MEDIUM,REMOVE,100,Exact duplicate of math-v1-137,The product of the square roots of two consecutive positive integers is 2√14. What is the sum of the integers?
math-staging-038,src/data/stagingQuestions/mathStaging.ts,Mathematics,Algebra,Math,MEDIUM,REMOVE,100,Exact duplicate of math-v1-138,"Using C = 5/9 (F - 32), what is F when C = 20?"
math-staging-039,src/data/stagingQuestions/mathStaging.ts,Mathematics,Algebra,Math,MEDIUM,REMOVE,100,Question opening text appears copied from source TXT: source_reviewers/Simulated UPCAT Booklet/Math Practice Test.txt | Exact duplicate of math-v1-139,What number added to 6% of itself equals 31.8?
math-staging-040,src/data/stagingQuestions/mathStaging.ts,Mathematics,Algebra,Math,MEDIUM,REMOVE,100,Exact duplicate of math-v1-140,"If x - 5 is a factor of 2x^2 - m x - 35, what is the value of m?"
math-staging-041,src/data/stagingQuestions/mathStaging.ts,Mathematics,Algebra,Math,MEDIUM,REMOVE,70,Duplicate or near-identical answer choices | Exact duplicate of math-v1-141,What is the quotient when 2x^3 - 3x^2 - 5x + 6 is divided by x^2 - 3x + 2?
math-staging-042,src/data/stagingQuestions/mathStaging.ts,Mathematics,Word Problems,Math,MEDIUM,REMOVE,100,Exact duplicate of math-v1-142,"A room is 8 feet longer than it is wide. If each dimension is increased by 2 feet, the area increases by 60 square feet. What is the original area of the room?"
math-staging-043,src/data/stagingQuestions/mathStaging.ts,Mathematics,Algebra,Math,MEDIUM,REMOVE,70,Duplicate or near-identical answer choices | Exact duplicate of math-v1-143,"What is the greatest common factor of 3x^2 + 6x - 9, 6x^2 - 21x + 15, and 6x^3 - 6?"
math-staging-044,src/data/stagingQuestions/mathStaging.ts,Mathematics,Algebra,Math,MEDIUM,REMOVE,100,Exact duplicate of math-v1-144,"What is the equation of the line that passes through (-2, -5) and is parallel to the line 5x - 4y = 2?"
math-staging-045,src/data/stagingQuestions/mathStaging.ts,Mathematics,Geometry,Math,MEDIUM,REMOVE,100,Exact duplicate of math-v1-145,"Two triangles have two pairs of corresponding sides congruent. If the included angles between those sides are also congruent, which congruence postulate proves that the triangles are congruent?"
math-staging-046,src/data/stagingQuestions/mathStaging.ts,Mathematics,Geometry,Math,MEDIUM,REMOVE,100,Exact duplicate of math-v1-146,"Given R is the midpoint of MS and TR is perpendicular to MS, which statement would NOT be used to prove TM ≅ TS?"
math-staging-047,src/data/stagingQuestions/mathStaging.ts,Mathematics,Geometry,Math,MEDIUM,REMOVE,100,Exact duplicate of math-v1-147,"The side lengths 27, 36, and 45 form what type of triangle?"
math-staging-048,src/data/stagingQuestions/mathStaging.ts,Mathematics,Geometry,Math,MEDIUM,REMOVE,100,Exact duplicate of math-v1-148,A square is inscribed in a circle so that the distance from the center to one side is 7. What is the area of the shaded region between the circle and the square?
math-staging-049,src/data/stagingQuestions/mathStaging.ts,Mathematics,Geometry,Math,MEDIUM,REMOVE,70,Duplicate or near-identical answer choices | Exact duplicate of math-v1-149,"What is the distance from the point (2, 3) to the line x - y = 5?"
math-staging-050,src/data/stagingQuestions/mathStaging.ts,Mathematics,Algebra,Math,MEDIUM,REMOVE,70,Duplicate or near-identical answer choices | Exact duplicate of math-v1-150,What value of x gives the maximum value for the quadratic expression -7x^2 + 7x + 3?
science-staging-001,src/data/stagingQuestions/scienceStaging.ts,Science,Chemistry,Science,MEDIUM,REMOVE,100,Question opening text appears copied from source TXT: source_reviewers/Simulated UPCAT Booklet/Math and Science Post Exam.txt | Exact duplicate of science-v1-101,Chlorine melts at -101°C and boils at -34.5°C. In what state does it exist at 0°C?
science-staging-002,src/data/stagingQuestions/scienceStaging.ts,Science,Geology,Science,MEDIUM,REMOVE,100,Exact duplicate of science-v1-053,Which type of rock forms from cooled magma or lava?
science-staging-003,src/data/stagingQuestions/scienceStaging.ts,Science,Chemistry,Science,MEDIUM,REMOVE,70,Duplicate or near-identical answer choices | Exact duplicate of science-v1-103,What is the equivalent of 1.00 kg/cm³ in grams per cubic meter?
science-staging-004,src/data/stagingQuestions/scienceStaging.ts,Science,Physics,Science,MEDIUM,REMOVE,100,Exact duplicate of science-v1-104,Which of the following is a vector quantity?
science-staging-005,src/data/stagingQuestions/scienceStaging.ts,Science,Physics,Science,MEDIUM,REMOVE,100,Exact duplicate of science-v1-105,"Four cyclists travel from the same intersection with displacement vectors A = 2.0 km west, B = 1.6 km north, C = 2.0 km east, and D = 2.4 km south. What is the resultant displacement?"
science-staging-006,src/data/stagingQuestions/scienceStaging.ts,Science,Biology,Science,MEDIUM,REMOVE,100,Exact duplicate of science-v1-106,A student tests mouthwashes on paper circles placed on nutrient agar. Which change would improve the experiment?
science-staging-007,src/data/stagingQuestions/scienceStaging.ts,Science,Physics,Science,MEDIUM,REMOVE,100,Exact duplicate of science-v1-107,"If an object moves equal distances in equal times, it is moving at a constant what?"
science-staging-008,src/data/stagingQuestions/scienceStaging.ts,Science,Physics,Science,MEDIUM,REMOVE,100,Exact duplicate of science-v1-108,"Whenever one particle exerts a force on a second particle, the second particle exerts an equal force on the first in what direction?"
science-staging-009,src/data/stagingQuestions/scienceStaging.ts,Science,Physics,Science,MEDIUM,REMOVE,100,Exact duplicate of science-v1-109,"Given equal volumes, which mass yields the highest density?"
science-staging-010,src/data/stagingQuestions/scienceStaging.ts,Science,Physics,Science,MEDIUM,REMOVE,100,Exact duplicate of science-v1-110,"On a planet with no air resistance, a pair of handcuffs and a handkerchief are dropped together. Which hits the ground first?"
science-staging-011,src/data/stagingQuestions/scienceStaging.ts,Science,Physics,Science,MEDIUM,REMOVE,100,Exact duplicate of science-v1-111,A 50-kg table is pushed with 50 N while friction of 50 N opposes motion. What is its acceleration?
science-staging-012,src/data/stagingQuestions/scienceStaging.ts,Science,Physics,Science,MEDIUM,REMOVE,100,Exact duplicate of science-v1-112,"On a velocity-versus-time graph, what does a horizontal straight line indicate about acceleration?"
science-staging-013,src/data/stagingQuestions/scienceStaging.ts,Science,Physics,Science,MEDIUM,REMOVE,100,Exact duplicate of science-v1-113,"If you pull a cart, which force causes you to move forward?"
science-staging-014,src/data/stagingQuestions/scienceStaging.ts,Science,Physics,Science,MEDIUM,REMOVE,100,Exact duplicate of science-v1-114,The acceleration due to gravity on Mars is about one-third that on Earth. The weight of a space probe on Mars is about which fraction of its earth weight?
science-staging-015,src/data/stagingQuestions/scienceStaging.ts,Science,Physics,Science,MEDIUM,REMOVE,100,Exact duplicate of science-v1-115,"According to the law of conservation of energy, which statement is correct?"
science-staging-016,src/data/stagingQuestions/scienceStaging.ts,Science,Physics,Science,MEDIUM,REMOVE,100,Exact duplicate of science-v1-116,A rock sitting at the edge of a cliff has what type of energy because of its position?
science-staging-017,src/data/stagingQuestions/scienceStaging.ts,Science,Astronomy,Science,MEDIUM,REMOVE,100,Exact duplicate of science-v1-117,The fact that one side of the moon always faces the earth proves what about the moon?
science-staging-018,src/data/stagingQuestions/scienceStaging.ts,Science,Physics,Science,MEDIUM,REMOVE,100,Exact duplicate of science-v1-118,"You travel east across three time zone boundaries and arrive with your watch reading 3:00 pm. To keep local time, to what should you reset your watch?"
science-staging-019,src/data/stagingQuestions/scienceStaging.ts,Science,Geology,Science,MEDIUM,REMOVE,100,Exact duplicate of science-v1-119,Which characteristic is true of a mineral?
science-staging-020,src/data/stagingQuestions/scienceStaging.ts,Science,Earth Science,Science,MEDIUM,REMOVE,100,Exact duplicate of science-v1-120,"During nighttime, how does air temperature over the ocean compare with air temperature over land?"
science-staging-021,src/data/stagingQuestions/scienceStaging.ts,Science,Astronomy,Science,MEDIUM,REMOVE,100,Exact duplicate of science-v1-121,Why doesn't Venus have seasons like Earth and Mars do?
science-staging-022,src/data/stagingQuestions/scienceStaging.ts,Science,Astronomy,Science,MEDIUM,REMOVE,100,Question opening text appears copied from source TXT: source_reviewers/Simulated UPCAT Booklet/Math and Science Post Exam.txt | Exact duplicate of science-v1-122,What is remarkable about the rotation of Uranus?
science-staging-023,src/data/stagingQuestions/scienceStaging.ts,Science,Geology,Science,MEDIUM,REMOVE,100,Question opening text appears copied from source TXT: source_reviewers/Simulated UPCAT Booklet/Math and Science Post Exam.txt | Exact duplicate of science-v1-123,Which of the following is a sedimentary rock?
science-staging-024,src/data/stagingQuestions/scienceStaging.ts,Science,Earth Science,Science,MEDIUM,REMOVE,100,Question opening text appears copied from source TXT: source_reviewers/Simulated UPCAT Booklet/Math and Science Post Exam.txt | Exact duplicate of science-v1-124,Which layer of the atmosphere is the coldest?
science-staging-025,src/data/stagingQuestions/scienceStaging.ts,Science,Earth Science,Science,MEDIUM,REMOVE,100,Exact duplicate of science-v1-125,What is the source of energy that drives the water cycle?
english-staging-001,src/data/stagingQuestions/englishStaging.ts,English Language,Grammar,Language,MEDIUM,REMOVE,100,Invalid choices count: 0 | Exact duplicate of english-v1-101,Identify the error in the sentence: The apparent heir to the throne was expected to attend the ceremony.
english-staging-002,src/data/stagingQuestions/englishStaging.ts,English Language,Sentence Correction,Language,MEDIUM,REMOVE,100,Invalid choices count: 0 | Question opening text appears copied from source TXT: source_reviewers/FilipiKnow Ultimate UPCAT Prep/Ultimate UPCAT Prep 2018 Edition.txt | Exact duplicate of english-v1-102,She had only walked for about fifteen miles when her legs gave out.
english-staging-003,src/data/stagingQuestions/englishStaging.ts,English Language,Grammar,Language,MEDIUM,REMOVE,100,Invalid choices count: 0 | Question opening text appears copied from source TXT: source_reviewers/Simulated UPCAT Booklet/General Mock Test 01.txt | Exact duplicate of english-v1-103,Rowena announced that the bonus will arrive during the meeting yesterday.
english-staging-004,src/data/stagingQuestions/englishStaging.ts,English Language,Subject-Verb Agreement,Language,MEDIUM,REMOVE,100,Invalid choices count: 0 | Possible OCR/encoding/spacing corruption | Question opening text appears copied from source TXT: source_reviewers/FilipiKnow Ultimate UPCAT Prep/Ultimate UPCAT Prep 2018 Edition.txt | Exact duplicate of english-v1-104,A large percentage of the class ___ fascinated by the museum.
english-staging-005,src/data/stagingQuestions/englishStaging.ts,English Language,Error Detection,Language,MEDIUM,REMOVE,100,Invalid choices count: 0 | Question opening text appears copied from source TXT: source_reviewers/Simulated UPCAT Booklet/General Mock Test 01.txt | Exact duplicate of english-v1-105,You do your homework right now or I won't let you go out with your friends.
english-staging-006,src/data/stagingQuestions/englishStaging.ts,English Language,Prepositions,Language,MEDIUM,REMOVE,100,Invalid choices count: 0 | Possible OCR/encoding/spacing corruption | Exact duplicate of english-v1-106,"Rita resides ___ #312 Mahabagin Street, Teacher\u2019s Village ___ Quezon City."
english-staging-007,src/data/stagingQuestions/englishStaging.ts,English Language,Subjunctive Mood,Language,MEDIUM,REMOVE,100,Invalid choices count: 0 | Possible OCR/encoding/spacing corruption | Question opening text appears copied from source TXT: source_reviewers/Simulated UPCAT Booklet/General Mock Test 01.txt | Exact duplicate of english-v1-107,"According to Machiavelli, it is not imperative that a ruler ___ good, he just has to appear so."
english-staging-008,src/data/stagingQuestions/englishStaging.ts,English Language,Prepositions,Language,MEDIUM,REMOVE,100,Invalid choices count: 0 | Possible OCR/encoding/spacing corruption | Exact duplicate of english-v1-108,"Lolita is going to Switzerland ___ May next year. Particularly, she would be leaving ___ eight o\u2019clock a.m ___ New Year\u2019s Day."
english-staging-009,src/data/stagingQuestions/englishStaging.ts,English Language,Possessives,Language,MEDIUM,REMOVE,100,Invalid choices count: 0 | Possible OCR/encoding/spacing corruption | Question opening text appears copied from source TXT: source_reviewers/Simulated UPCAT Booklet/General Mock Test 01.txt | Exact duplicate of english-v1-109,John and Susie own that yacht. ___ yacht is a beauty.
english-staging-010,src/data/stagingQuestions/englishStaging.ts,English Language,Error Detection,Language,MEDIUM,REMOVE,100,Invalid choices count: 0 | Question opening text appears copied from source TXT: source_reviewers/Simulated UPCAT Booklet/General Mock Test 01.txt | Exact duplicate of english-v1-110,The doctor as well as some of the best doctors in the Philippines is giving a free medical checkup tomorrow.
english-staging-011,src/data/stagingQuestions/englishStaging.ts,English Language,Pronouns,Language,MEDIUM,REMOVE,100,Invalid choices count: 0 | Question opening text appears copied from source TXT: source_reviewers/Simulated UPCAT Booklet/General Mock Test 01.txt | Exact duplicate of english-v1-111,Whomsoever wishes to see a ghost is a fool.
english-staging-012,src/data/stagingQuestions/englishStaging.ts,English Language,Adjectives,Language,MEDIUM,REMOVE,100,Invalid choices count: 0 | Possible OCR/encoding/spacing corruption | Exact duplicate of english-v1-112,Choose the correct completion: You smell very ___.
english-staging-013,src/data/stagingQuestions/englishStaging.ts,English Language,Pronouns,Language,MEDIUM,REMOVE,100,Invalid choices count: 0 | Possible OCR/encoding/spacing corruption | Question opening text appears copied from source TXT: source_reviewers/Simulated UPCAT Booklet/General Mock Test 01.txt | Exact duplicate of english-v1-113,Sakuragi did a slam dunk and the crowd roared ___ approval.
english-staging-014,src/data/stagingQuestions/englishStaging.ts,English Language,Sentence Correction,Language,MEDIUM,REMOVE,100,Invalid choices count: 0 | Exact duplicate of english-v1-114,Choose the most correct and effective sentence.
english-staging-015,src/data/stagingQuestions/englishStaging.ts,English Language,Error Detection,Language,MEDIUM,REMOVE,100,Invalid choices count: 0 | Question opening text appears copied from source TXT: source_reviewers/Simulated UPCAT Booklet/General Mock Test 01.txt | Exact duplicate of english-v1-115,The children were dismayed and depressed by the closing of the zoo.
english-staging-016,src/data/stagingQuestions/englishStaging.ts,English Language,Comparatives,Language,MEDIUM,REMOVE,100,Invalid choices count: 0 | Question opening text appears copied from source TXT: source_reviewers/Simulated UPCAT Booklet/General Mock Test 01.txt | Exact duplicate of english-v1-116,No one was lovelier or more strikingly intelligent than her at the beauty contest yesterday.
english-staging-017,src/data/stagingQuestions/englishStaging.ts,English Language,Quantifiers,Language,MEDIUM,REMOVE,100,Invalid choices count: 0 | Possible OCR/encoding/spacing corruption | Question opening text appears copied from source TXT: source_reviewers/Simulated UPCAT Booklet/General Mock Test 01.txt | Exact duplicate of english-v1-117,I used too ___ of the bleach and so the stain remained on the shirt.
english-staging-018,src/data/stagingQuestions/englishStaging.ts,English Language,Subject-Verb Agreement,Language,MEDIUM,REMOVE,100,Invalid choices count: 0 | Question opening text appears copied from source TXT: source_reviewers/Simulated UPCAT Booklet/General Mock Test 01.txt | Exact duplicate of english-v1-118,Each man and each woman in the audience was affected by the passionate speech.
english-staging-019,src/data/stagingQuestions/englishStaging.ts,English Language,Vocabulary,Vocabulary,MEDIUM,REMOVE,100,"Invalid choices count: 0 | Possible OCR/encoding/spacing corruption | Question opening text appears copied from source TXT: source_reviewers/Simulated UPCAT Booklet/UPCAT Reviewer (Sanchez, 2020).txt | Exact duplicate of english-v1-119",The first permanent tooth usually appears about four years after the baby teeth have ___.
english-staging-020,src/data/stagingQuestions/englishStaging.ts,English Language,Vocabulary,Vocabulary,MEDIUM,REMOVE,100,Invalid choices count: 0 | Question opening text appears copied from source TXT: source_reviewers/FilipiKnow Ultimate UPCAT Prep/Ultimate UPCAT Prep 2018 Edition.txt | Exact duplicate of english-v1-120,The professor took an immaculate handkerchief out of his pocket.
english-staging-021,src/data/stagingQuestions/englishStaging.ts,English Language,Vocabulary,Vocabulary,MEDIUM,REMOVE,100,Invalid choices count: 0 | Exact duplicate of english-v1-121,The workplace wore a macabre look after the company downsized its staff strength.
english-staging-022,src/data/stagingQuestions/englishStaging.ts,English Language,Grammar,Language,MEDIUM,REMOVE,100,Invalid choices count: 0 | Exact duplicate of english-v1-122,The conversation with her mother had a more profound affect on her than she expected.
english-staging-023,src/data/stagingQuestions/englishStaging.ts,English Language,Grammar,Language,MEDIUM,REMOVE,100,"Invalid choices count: 0 | Question opening text appears copied from source TXT: source_reviewers/Simulated UPCAT Booklet/UPCAT Reviewer (Sanchez, 2020).txt | Exact duplicate of english-v1-123",The then Prime Minister had issued an order though he was not supposedly to.
english-staging-024,src/data/stagingQuestions/englishStaging.ts,English Language,Vocabulary,Vocabulary,MEDIUM,REMOVE,100,Invalid choices count: 0 | Exact duplicate of english-v1-124,The interviewer turned his attention to us with a cramped sort of face.
english-staging-025,src/data/stagingQuestions/englishStaging.ts,English Language,Vocabulary,Vocabulary,MEDIUM,REMOVE,100,Invalid choices count: 0 | Question opening text appears copied from source TXT: source_reviewers/Simulated UPCAT Booklet/General Mock Test 02.txt | Exact duplicate of english-v1-125,"The dog ambled to the door, which was slightly ajar."
english-staging-026,src/data/stagingQuestions/englishStaging.ts,English Language,Vocabulary,Vocabulary,MEDIUM,REMOVE,100,Invalid choices count: 0 | Question opening text appears copied from source TXT: source_reviewers/Simulated UPCAT Booklet/General Mock Test 02.txt | Exact duplicate of english-v1-126,Harold lumbered at him and clouted him across the head.
english-staging-027,src/data/stagingQuestions/englishStaging.ts,English Language,Vocabulary,Vocabulary,MEDIUM,REMOVE,100,Invalid choices count: 0 | Question opening text appears copied from source TXT: source_reviewers/Simulated UPCAT Booklet/General Mock Test 02.txt | Exact duplicate of english-v1-127,I thought they were likely to bundle him into a car but the policeman simply led him back to the road.
english-staging-028,src/data/stagingQuestions/englishStaging.ts,English Language,Vocabulary,Vocabulary,MEDIUM,REMOVE,100,Invalid choices count: 0 | Question opening text appears copied from source TXT: source_reviewers/Simulated UPCAT Booklet/General Mock Test 02.txt | Exact duplicate of english-v1-128,Marc is far too sensible to have done a fatuous thing like that.
english-staging-029,src/data/stagingQuestions/englishStaging.ts,English Language,Vocabulary,Vocabulary,MEDIUM,REMOVE,100,Invalid choices count: 0 | References missing visual/table/figure | Legal/source-risk phrase: figure | Exact duplicate of english-v1-129,It is bizarre how often public figures who loudly espouse traditional family values are later caught in scandal.
english-staging-030,src/data/stagingQuestions/englishStaging.ts,English Language,Vocabulary,Vocabulary,MEDIUM,REMOVE,100,Invalid choices count: 0 | Legal/source-risk phrase: the passage | Exact duplicate of english-v1-130,Which of the following is a synonym of 'vehement' as used in the passage?
english-staging-031,src/data/stagingQuestions/englishStaging.ts,English Language,Vocabulary,Vocabulary,MEDIUM,REMOVE,100,Invalid choices count: 0 | Legal/source-risk phrase: the passage | Exact duplicate of english-v1-131,The word 'contemned' in the passage is similar in meaning to all of the following EXCEPT:
english-staging-032,src/data/stagingQuestions/englishStaging.ts,English Language,Analogy,Language,MEDIUM,REMOVE,100,Invalid choices count: 0 | Possible OCR/encoding/spacing corruption | Exact duplicate of english-v1-132,Verbose is to wordy as concise is to ___.
english-staging-033,src/data/stagingQuestions/englishStaging.ts,English Language,Analogy,Language,MEDIUM,REMOVE,100,Invalid choices count: 0 | Possible OCR/encoding/spacing corruption | Exact duplicate of english-v1-133,Simile is to metaphor as explicit is to ___.
english-staging-034,src/data/stagingQuestions/englishStaging.ts,English Language,Analogies,Language,MEDIUM,REMOVE,100,Invalid choices count: 0 | Possible OCR/encoding/spacing corruption | Exact duplicate of english-v1-134,Grammar is to correctness as diction is to ___.
english-staging-035,src/data/stagingQuestions/englishStaging.ts,English Language,Logical Language Usage,Logic,MEDIUM,REMOVE,100,Invalid choices count: 0 | Possible OCR/encoding/spacing corruption | Exact duplicate of english-v1-135,Mendacity is to honesty as arrogance is to ___.
english-staging-036,src/data/stagingQuestions/englishStaging.ts,English Language,Sentence Completion,Language,MEDIUM,REMOVE,100,Invalid choices count: 0 | Possible OCR/encoding/spacing corruption | Exact duplicate of english-v1-136,The speaker insisted that the report ___ submitted by Friday.
english-staging-037,src/data/stagingQuestions/englishStaging.ts,English Language,Verb Forms,Language,MEDIUM,REMOVE,100,Invalid choices count: 0 | Possible OCR/encoding/spacing corruption | Exact duplicate of english-v1-137,"She said that by the time she arrived, the meeting ___ already ___."
english-staging-038,src/data/stagingQuestions/englishStaging.ts,English Language,Pronouns,Language,MEDIUM,REMOVE,100,Invalid choices count: 0 | Possible OCR/encoding/spacing corruption | Exact duplicate of english-v1-138,Neither the students nor the teacher ___ prepared for the exam.
english-staging-039,src/data/stagingQuestions/englishStaging.ts,English Language,Parallel Structure,Language,MEDIUM,REMOVE,100,Invalid choices count: 0 | Possible OCR/encoding/spacing corruption | Exact duplicate of english-v1-139,"The committee recommended hiring more staff, improving training programs, and ___ the budget."
english-staging-040,src/data/stagingQuestions/englishStaging.ts,English Language,Context Clues,Language,MEDIUM,REMOVE,100,Invalid choices count: 0 | Exact duplicate of english-v1-140,"The mansion had an air of ostentation, with gold trim and crystal chandeliers everywhere."
english-staging-041,src/data/stagingQuestions/englishStaging.ts,English Language,Grammar,Language,MEDIUM,REMOVE,100,Invalid choices count: 0 | Possible OCR/encoding/spacing corruption | Exact duplicate of english-v1-141,"If I ___ the answer, I would have told you sooner."
english-staging-042,src/data/stagingQuestions/englishStaging.ts,English Language,Vocabulary,Vocabulary,MEDIUM,REMOVE,100,Invalid choices count: 0 | Exact duplicate of english-v1-142,The politician\u2019s speech was full of platitudes that sounded comforting but offered no real plan.
english-staging-043,src/data/stagingQuestions/englishStaging.ts,English Language,Sentence Correction,Language,MEDIUM,REMOVE,100,Invalid choices count: 0 | Exact duplicate of english-v1-143,Choose the most correct sentence.
english-staging-044,src/data/stagingQuestions/englishStaging.ts,English Language,Vocabulary,Vocabulary,MEDIUM,REMOVE,100,Invalid choices count: 0 | Exact duplicate of english-v1-144,"In the sentence, 'He was accused of embezzling funds, but he insisted that he was innocent,' what does 'innocent' mean?"
english-staging-045,src/data/stagingQuestions/englishStaging.ts,English Language,Analogy,Language,MEDIUM,REMOVE,100,Invalid choices count: 0 | Possible OCR/encoding/spacing corruption | Exact duplicate of english-v1-145,Plagiarism is to originality as imitation is to ___.
english-staging-046,src/data/stagingQuestions/englishStaging.ts,English Language,Grammar,Language,MEDIUM,REMOVE,100,Invalid choices count: 0 | Possible OCR/encoding/spacing corruption | Exact duplicate of english-v1-146,The editor recommended that the article ___ revised before publication.
english-staging-047,src/data/stagingQuestions/englishStaging.ts,English Language,Vocabulary,Vocabulary,MEDIUM,REMOVE,100,Invalid choices count: 0 | Exact duplicate of english-v1-147,The report concluded that the company\u2019s prospects were tenuous at best.
english-staging-048,src/data/stagingQuestions/englishStaging.ts,English Language,Sentence Correction,Language,MEDIUM,REMOVE,100,Invalid choices count: 0 | Exact duplicate of english-v1-143,Choose the most correct sentence.
english-staging-049,src/data/stagingQuestions/englishStaging.ts,English Language,Vocabulary,Vocabulary,MEDIUM,REMOVE,100,Invalid choices count: 0 | Exact duplicate of english-v1-149,The committee\u2019s decision was deliberate and therefore carried weight.
english-staging-050,src/data/stagingQuestions/englishStaging.ts,English Language,Grammar,Language,MEDIUM,REMOVE,100,Invalid choices count: 0 | Possible OCR/encoding/spacing corruption | Exact duplicate of english-v1-150,"Although he had practiced for weeks, he still found the speech ___ to deliver."
"math-v1-126, math-staging-026",multiple,,,Duplicate,LOW,NEEDS MANUAL REVIEW,,Possible near-duplicate opening wording,for the quadratic equation x 2 3x 5 0 what is the
"math-v1-127, math-staging-027",multiple,,,Duplicate,LOW,NEEDS MANUAL REVIEW,,Possible near-duplicate opening wording,the roots of the equation 2x 2 x 4 are which of
"math-v1-128, math-staging-028",multiple,,,Duplicate,LOW,NEEDS MANUAL REVIEW,,Possible near-duplicate opening wording,if a parabola defined by y ax 2 bx c does not
"math-v1-129, math-staging-029",multiple,,,Duplicate,LOW,NEEDS MANUAL REVIEW,,Possible near-duplicate opening wording,what is the last term in the expansion of x 2y 5
"math-v1-130, math-staging-030",multiple,,,Duplicate,LOW,NEEDS MANUAL REVIEW,,Possible near-duplicate opening wording,the larger root of the equation x 3 x 4 0 is
"math-v1-131, math-staging-031",multiple,,,Duplicate,LOW,NEEDS MANUAL REVIEW,,Possible near-duplicate opening wording,express 1 x 1 1 x as a single simplified fraction
"math-v1-132, math-staging-032",multiple,,,Duplicate,LOW,NEEDS MANUAL REVIEW,,Possible near-duplicate opening wording,what is the sum of the infinite geometric series 3 1 1
"math-v1-133, math-staging-033",multiple,,,Duplicate,LOW,NEEDS MANUAL REVIEW,,Possible near-duplicate opening wording,what is the radian measure of the angle formed by the hour
"math-v1-134, math-staging-034",multiple,,,Duplicate,LOW,NEEDS MANUAL REVIEW,,Possible near-duplicate opening wording,evaluate 15 3 2 6 3
"math-v1-135, math-staging-035",multiple,,,Duplicate,LOW,NEEDS MANUAL REVIEW,,Possible near-duplicate opening wording,given the lines 3x y 8 0 and 2x ky 9 0
"math-v1-136, math-staging-036",multiple,,,Duplicate,LOW,NEEDS MANUAL REVIEW,,Possible near-duplicate opening wording,simplify 3 7 3 7
"math-v1-137, math-staging-037",multiple,,,Duplicate,LOW,NEEDS MANUAL REVIEW,,Possible near-duplicate opening wording,the product of the square roots of two consecutive positive integers is
"math-v1-138, math-staging-038",multiple,,,Duplicate,LOW,NEEDS MANUAL REVIEW,,Possible near-duplicate opening wording,using c 5 9 f 32 what is f when c 20
"math-v1-139, math-staging-039",multiple,,,Duplicate,LOW,NEEDS MANUAL REVIEW,,Possible near-duplicate opening wording,what number added to 6 of itself equals 31 8
"math-v1-140, math-staging-040",multiple,,,Duplicate,LOW,NEEDS MANUAL REVIEW,,Possible near-duplicate opening wording,if x 5 is a factor of 2x 2 m x 35
"math-v1-141, math-staging-041",multiple,,,Duplicate,LOW,NEEDS MANUAL REVIEW,,Possible near-duplicate opening wording,what is the quotient when 2x 3 3x 2 5x 6 is
"math-v1-142, math-staging-042",multiple,,,Duplicate,LOW,NEEDS MANUAL REVIEW,,Possible near-duplicate opening wording,a room is 8 feet longer than it is wide if each
"math-v1-143, math-staging-043",multiple,,,Duplicate,LOW,NEEDS MANUAL REVIEW,,Possible near-duplicate opening wording,what is the greatest common factor of 3x 2 6x 9 6x
"math-v1-144, math-staging-044",multiple,,,Duplicate,LOW,NEEDS MANUAL REVIEW,,Possible near-duplicate opening wording,what is the equation of the line that passes through 2 5
"math-v1-145, math-staging-045",multiple,,,Duplicate,LOW,NEEDS MANUAL REVIEW,,Possible near-duplicate opening wording,two triangles have two pairs of corresponding sides congruent if the included
"math-v1-146, math-staging-046",multiple,,,Duplicate,LOW,NEEDS MANUAL REVIEW,,Possible near-duplicate opening wording,given r is the midpoint of ms and tr is perpendicular to
"math-v1-147, math-staging-047",multiple,,,Duplicate,LOW,NEEDS MANUAL REVIEW,,Possible near-duplicate opening wording,the side lengths 27 36 and 45 form what type of triangle
"math-v1-148, math-staging-048",multiple,,,Duplicate,LOW,NEEDS MANUAL REVIEW,,Possible near-duplicate opening wording,a square is inscribed in a circle so that the distance from
"math-v1-149, math-staging-049",multiple,,,Duplicate,LOW,NEEDS MANUAL REVIEW,,Possible near-duplicate opening wording,what is the distance from the point 2 3 to the line
"math-v1-150, math-staging-050",multiple,,,Duplicate,LOW,NEEDS MANUAL REVIEW,,Possible near-duplicate opening wording,what value of x gives the maximum value for the quadratic expression
"reading-v1-005, reading-v1-025, reading-v1-045, reading-v1-065, reading-v1-085, reading-v1-095",multiple,,,Duplicate,LOW,NEEDS MANUAL REVIEW,,Possible near-duplicate opening wording,which statement is an opinion
"reading-v1-015, reading-v1-035, reading-v1-055, reading-v1-075",multiple,,,Duplicate,LOW,NEEDS MANUAL REVIEW,,Possible near-duplicate opening wording,which statement is a fact
"filipino-v1-020, filipino-v1-060, filipino-v1-070",multiple,,,Duplicate,LOW,NEEDS MANUAL REVIEW,,Possible near-duplicate opening wording,alin sa sumusunod ang may wastong ayos ng pangungusap
"filipino-v1-030, filipino-v1-100",multiple,,,Duplicate,LOW,NEEDS MANUAL REVIEW,,Possible near-duplicate opening wording,alin sa sumusunod ang pangungusap na pasalaysay
"filipino-v1-050, filipino-v1-090",multiple,,,Duplicate,LOW,NEEDS MANUAL REVIEW,,Possible near-duplicate opening wording,alin sa sumusunod ang pangungusap na patanong
"science-v1-053, science-v1-102, science-staging-002",multiple,,,Duplicate,LOW,NEEDS MANUAL REVIEW,,Possible near-duplicate opening wording,which type of rock forms from cooled magma or lava
"science-v1-101, science-staging-001",multiple,,,Duplicate,LOW,NEEDS MANUAL REVIEW,,Possible near-duplicate opening wording,chlorine melts at 101 c and boils at 34 5 c in
"science-v1-103, science-staging-003",multiple,,,Duplicate,LOW,NEEDS MANUAL REVIEW,,Possible near-duplicate opening wording,what is the equivalent of 1 00 kg cm in grams per
"science-v1-104, science-staging-004",multiple,,,Duplicate,LOW,NEEDS MANUAL REVIEW,,Possible near-duplicate opening wording,which of the following is a vector quantity
"science-v1-105, science-staging-005",multiple,,,Duplicate,LOW,NEEDS MANUAL REVIEW,,Possible near-duplicate opening wording,four cyclists travel from the same intersection with displacement vectors a 2
"science-v1-106, science-staging-006",multiple,,,Duplicate,LOW,NEEDS MANUAL REVIEW,,Possible near-duplicate opening wording,a student tests mouthwashes on paper circles placed on nutrient agar which
"science-v1-107, science-staging-007",multiple,,,Duplicate,LOW,NEEDS MANUAL REVIEW,,Possible near-duplicate opening wording,if an object moves equal distances in equal times it is moving
"science-v1-108, science-staging-008",multiple,,,Duplicate,LOW,NEEDS MANUAL REVIEW,,Possible near-duplicate opening wording,whenever one particle exerts a force on a second particle the second
"science-v1-109, science-staging-009",multiple,,,Duplicate,LOW,NEEDS MANUAL REVIEW,,Possible near-duplicate opening wording,given equal volumes which mass yields the highest density
"science-v1-110, science-staging-010",multiple,,,Duplicate,LOW,NEEDS MANUAL REVIEW,,Possible near-duplicate opening wording,on a planet with no air resistance a pair of handcuffs and
"science-v1-111, science-staging-011",multiple,,,Duplicate,LOW,NEEDS MANUAL REVIEW,,Possible near-duplicate opening wording,a 50 kg table is pushed with 50 n while friction of
"science-v1-112, science-staging-012",multiple,,,Duplicate,LOW,NEEDS MANUAL REVIEW,,Possible near-duplicate opening wording,on a velocity versus time graph what does a horizontal straight line
"science-v1-113, science-staging-013",multiple,,,Duplicate,LOW,NEEDS MANUAL REVIEW,,Possible near-duplicate opening wording,if you pull a cart which force causes you to move forward
"science-v1-114, science-staging-014",multiple,,,Duplicate,LOW,NEEDS MANUAL REVIEW,,Possible near-duplicate opening wording,the acceleration due to gravity on mars is about one third that
"science-v1-115, science-staging-015",multiple,,,Duplicate,LOW,NEEDS MANUAL REVIEW,,Possible near-duplicate opening wording,according to the law of conservation of energy which statement is correct
"science-v1-116, science-staging-016",multiple,,,Duplicate,LOW,NEEDS MANUAL REVIEW,,Possible near-duplicate opening wording,a rock sitting at the edge of a cliff has what type
"science-v1-117, science-staging-017",multiple,,,Duplicate,LOW,NEEDS MANUAL REVIEW,,Possible near-duplicate opening wording,the fact that one side of the moon always faces the earth
"science-v1-118, science-staging-018",multiple,,,Duplicate,LOW,NEEDS MANUAL REVIEW,,Possible near-duplicate opening wording,you travel east across three time zone boundaries and arrive with your
"science-v1-119, science-staging-019",multiple,,,Duplicate,LOW,NEEDS MANUAL REVIEW,,Possible near-duplicate opening wording,which characteristic is true of a mineral
"science-v1-120, science-staging-020",multiple,,,Duplicate,LOW,NEEDS MANUAL REVIEW,,Possible near-duplicate opening wording,during nighttime how does air temperature over the ocean compare with air
"science-v1-121, science-staging-021",multiple,,,Duplicate,LOW,NEEDS MANUAL REVIEW,,Possible near-duplicate opening wording,why doesn t venus have seasons like earth and mars do
"science-v1-122, science-staging-022",multiple,,,Duplicate,LOW,NEEDS MANUAL REVIEW,,Possible near-duplicate opening wording,what is remarkable about the rotation of uranus
"science-v1-123, science-staging-023",multiple,,,Duplicate,LOW,NEEDS MANUAL REVIEW,,Possible near-duplicate opening wording,which of the following is a sedimentary rock
"science-v1-124, science-staging-024",multiple,,,Duplicate,LOW,NEEDS MANUAL REVIEW,,Possible near-duplicate opening wording,which layer of the atmosphere is the coldest
"science-v1-125, science-staging-025",multiple,,,Duplicate,LOW,NEEDS MANUAL REVIEW,,Possible near-duplicate opening wording,what is the source of energy that drives the water cycle
"english-v1-004, english-v1-025",multiple,,,Duplicate,LOW,NEEDS MANUAL REVIEW,,Possible near-duplicate opening wording,choose the grammatically correct sentence
"english-v1-011, english-v1-058, english-v1-068, english-v1-078, english-v1-088, english-v1-098",multiple,,,Duplicate,LOW,NEEDS MANUAL REVIEW,,Possible near-duplicate opening wording,choose the sentence with correct parallel structure
"english-v1-027, english-v1-031, english-v1-063, english-v1-083",multiple,,,Duplicate,LOW,NEEDS MANUAL REVIEW,,Possible near-duplicate opening wording,choose the correct sentence
"english-v1-054, english-v1-074, english-v1-094",multiple,,,Duplicate,LOW,NEEDS MANUAL REVIEW,,Possible near-duplicate opening wording,choose the sentence that is grammatically correct
"english-v1-056, english-v1-096",multiple,,,Duplicate,LOW,NEEDS MANUAL REVIEW,,Possible near-duplicate opening wording,which sentence is written in active voice
"english-v1-101, english-staging-001",multiple,,,Duplicate,LOW,NEEDS MANUAL REVIEW,,Possible near-duplicate opening wording,identify the error in the sentence the apparent heir to the throne
"english-v1-102, english-staging-002",multiple,,,Duplicate,LOW,NEEDS MANUAL REVIEW,,Possible near-duplicate opening wording,she had only walked for about fifteen miles when her legs gave
"english-v1-103, english-staging-003",multiple,,,Duplicate,LOW,NEEDS MANUAL REVIEW,,Possible near-duplicate opening wording,rowena announced that the bonus will arrive during the meeting yesterday
"english-v1-104, english-staging-004",multiple,,,Duplicate,LOW,NEEDS MANUAL REVIEW,,Possible near-duplicate opening wording,a large percentage of the class fascinated by the museum
"english-v1-105, english-staging-005",multiple,,,Duplicate,LOW,NEEDS MANUAL REVIEW,,Possible near-duplicate opening wording,you do your homework right now or i won t let you
"english-v1-106, english-staging-006",multiple,,,Duplicate,LOW,NEEDS MANUAL REVIEW,,Possible near-duplicate opening wording,rita resides 312 mahabagin street teacher u2019s village quezon city
"english-v1-107, english-staging-007",multiple,,,Duplicate,LOW,NEEDS MANUAL REVIEW,,Possible near-duplicate opening wording,according to machiavelli it is not imperative that a ruler good he
"english-v1-108, english-staging-008",multiple,,,Duplicate,LOW,NEEDS MANUAL REVIEW,,Possible near-duplicate opening wording,lolita is going to switzerland may next year particularly she would be
"english-v1-109, english-staging-009",multiple,,,Duplicate,LOW,NEEDS MANUAL REVIEW,,Possible near-duplicate opening wording,john and susie own that yacht yacht is a beauty
"english-v1-110, english-staging-010",multiple,,,Duplicate,LOW,NEEDS MANUAL REVIEW,,Possible near-duplicate opening wording,the doctor as well as some of the best doctors in the
"english-v1-111, english-staging-011",multiple,,,Duplicate,LOW,NEEDS MANUAL REVIEW,,Possible near-duplicate opening wording,whomsoever wishes to see a ghost is a fool
"english-v1-112, english-staging-012",multiple,,,Duplicate,LOW,NEEDS MANUAL REVIEW,,Possible near-duplicate opening wording,choose the correct completion you smell very
"english-v1-113, english-staging-013",multiple,,,Duplicate,LOW,NEEDS MANUAL REVIEW,,Possible near-duplicate opening wording,sakuragi did a slam dunk and the crowd roared approval
"english-v1-114, english-staging-014",multiple,,,Duplicate,LOW,NEEDS MANUAL REVIEW,,Possible near-duplicate opening wording,choose the most correct and effective sentence
"english-v1-115, english-staging-015",multiple,,,Duplicate,LOW,NEEDS MANUAL REVIEW,,Possible near-duplicate opening wording,the children were dismayed and depressed by the closing of the zoo
"english-v1-116, english-staging-016",multiple,,,Duplicate,LOW,NEEDS MANUAL REVIEW,,Possible near-duplicate opening wording,no one was lovelier or more strikingly intelligent than her at the
"english-v1-117, english-staging-017",multiple,,,Duplicate,LOW,NEEDS MANUAL REVIEW,,Possible near-duplicate opening wording,i used too of the bleach and so the stain remained on
"english-v1-118, english-staging-018",multiple,,,Duplicate,LOW,NEEDS MANUAL REVIEW,,Possible near-duplicate opening wording,each man and each woman in the audience was affected by the
"english-v1-119, english-staging-019",multiple,,,Duplicate,LOW,NEEDS MANUAL REVIEW,,Possible near-duplicate opening wording,the first permanent tooth usually appears about four years after the baby
"english-v1-120, english-staging-020",multiple,,,Duplicate,LOW,NEEDS MANUAL REVIEW,,Possible near-duplicate opening wording,the professor took an immaculate handkerchief out of his pocket
"english-v1-121, english-staging-021",multiple,,,Duplicate,LOW,NEEDS MANUAL REVIEW,,Possible near-duplicate opening wording,the workplace wore a macabre look after the company downsized its staff
"english-v1-122, english-staging-022",multiple,,,Duplicate,LOW,NEEDS MANUAL REVIEW,,Possible near-duplicate opening wording,the conversation with her mother had a more profound affect on her
"english-v1-123, english-staging-023",multiple,,,Duplicate,LOW,NEEDS MANUAL REVIEW,,Possible near-duplicate opening wording,the then prime minister had issued an order though he was not
"english-v1-124, english-staging-024",multiple,,,Duplicate,LOW,NEEDS MANUAL REVIEW,,Possible near-duplicate opening wording,the interviewer turned his attention to us with a cramped sort of
"english-v1-125, english-staging-025",multiple,,,Duplicate,LOW,NEEDS MANUAL REVIEW,,Possible near-duplicate opening wording,the dog ambled to the door which was slightly ajar
"english-v1-126, english-staging-026",multiple,,,Duplicate,LOW,NEEDS MANUAL REVIEW,,Possible near-duplicate opening wording,harold lumbered at him and clouted him across the head
"english-v1-127, english-staging-027",multiple,,,Duplicate,LOW,NEEDS MANUAL REVIEW,,Possible near-duplicate opening wording,i thought they were likely to bundle him into a car but
"english-v1-128, english-staging-028",multiple,,,Duplicate,LOW,NEEDS MANUAL REVIEW,,Possible near-duplicate opening wording,marc is far too sensible to have done a fatuous thing like
"english-v1-129, english-staging-029",multiple,,,Duplicate,LOW,NEEDS MANUAL REVIEW,,Possible near-duplicate opening wording,it is bizarre how often public figures who loudly espouse traditional family
"english-v1-130, english-staging-030",multiple,,,Duplicate,LOW,NEEDS MANUAL REVIEW,,Possible near-duplicate opening wording,which of the following is a synonym of vehement as used in
"english-v1-131, english-staging-031",multiple,,,Duplicate,LOW,NEEDS MANUAL REVIEW,,Possible near-duplicate opening wording,the word contemned in the passage is similar in meaning to all
"english-v1-132, english-staging-032",multiple,,,Duplicate,LOW,NEEDS MANUAL REVIEW,,Possible near-duplicate opening wording,verbose is to wordy as concise is to
"english-v1-133, english-staging-033",multiple,,,Duplicate,LOW,NEEDS MANUAL REVIEW,,Possible near-duplicate opening wording,simile is to metaphor as explicit is to
"english-v1-134, english-staging-034",multiple,,,Duplicate,LOW,NEEDS MANUAL REVIEW,,Possible near-duplicate opening wording,grammar is to correctness as diction is to
"english-v1-135, english-staging-035",multiple,,,Duplicate,LOW,NEEDS MANUAL REVIEW,,Possible near-duplicate opening wording,mendacity is to honesty as arrogance is to
"english-v1-136, english-staging-036",multiple,,,Duplicate,LOW,NEEDS MANUAL REVIEW,,Possible near-duplicate opening wording,the speaker insisted that the report submitted by friday
"english-v1-137, english-staging-037",multiple,,,Duplicate,LOW,NEEDS MANUAL REVIEW,,Possible near-duplicate opening wording,she said that by the time she arrived the meeting already
"english-v1-138, english-staging-038",multiple,,,Duplicate,LOW,NEEDS MANUAL REVIEW,,Possible near-duplicate opening wording,neither the students nor the teacher prepared for the exam
"english-v1-139, english-staging-039",multiple,,,Duplicate,LOW,NEEDS MANUAL REVIEW,,Possible near-duplicate opening wording,the committee recommended hiring more staff improving training programs and the budget
"english-v1-140, english-staging-040",multiple,,,Duplicate,LOW,NEEDS MANUAL REVIEW,,Possible near-duplicate opening wording,the mansion had an air of ostentation with gold trim and crystal
"english-v1-141, english-staging-041",multiple,,,Duplicate,LOW,NEEDS MANUAL REVIEW,,Possible near-duplicate opening wording,if i the answer i would have told you sooner
"english-v1-142, english-staging-042",multiple,,,Duplicate,LOW,NEEDS MANUAL REVIEW,,Possible near-duplicate opening wording,the politician u2019s speech was full of platitudes that sounded comforting but
"english-v1-143, english-v1-148, english-staging-043, english-staging-048",multiple,,,Duplicate,LOW,NEEDS MANUAL REVIEW,,Possible near-duplicate opening wording,choose the most correct sentence
"english-v1-144, english-staging-044",multiple,,,Duplicate,LOW,NEEDS MANUAL REVIEW,,Possible near-duplicate opening wording,in the sentence he was accused of embezzling funds but he insisted
"english-v1-145, english-staging-045",multiple,,,Duplicate,LOW,NEEDS MANUAL REVIEW,,Possible near-duplicate opening wording,plagiarism is to originality as imitation is to
"english-v1-146, english-staging-046",multiple,,,Duplicate,LOW,NEEDS MANUAL REVIEW,,Possible near-duplicate opening wording,the editor recommended that the article revised before publication
"english-v1-147, english-staging-047",multiple,,,Duplicate,LOW,NEEDS MANUAL REVIEW,,Possible near-duplicate opening wording,the report concluded that the company u2019s prospects were tenuous at best
"english-v1-149, english-staging-049",multiple,,,Duplicate,LOW,NEEDS MANUAL REVIEW,,Possible near-duplicate opening wording,the committee u2019s decision was deliberate and therefore carried weight
"english-v1-150, english-staging-050",multiple,,,Duplicate,LOW,NEEDS MANUAL REVIEW,,Possible near-duplicate opening wording,although he had practiced for weeks he still found the speech to
